ISO-10303-21;
HEADER;
FILE_DESCRIPTION(('FreeCAD Model'),'2;1');
FILE_NAME('Open CASCADE Shape Model','2026-09-09T22:58:12',('FreeCAD'),(
    'FreeCAD'),'Open CASCADE STEP processor 7.8','FreeCAD','Unknown');
FILE_SCHEMA(('AUTOMOTIVE_DESIGN { 1 0 10303 214 1 1 1 1 }'));
ENDSEC;
DATA;
#1 = APPLICATION_PROTOCOL_DEFINITION('international standard',
  'automotive_design',2000,#2);
#2 = APPLICATION_CONTEXT(
  'core data for automotive mechanical design processes');
#3 = SHAPE_DEFINITION_REPRESENTATION(#4,#10);
#4 = PRODUCT_DEFINITION_SHAPE('','',#5);
#5 = PRODUCT_DEFINITION('design','',#6,#9);
#6 = PRODUCT_DEFINITION_FORMATION('','',#7);
#7 = PRODUCT('Open CASCADE STEP translator 7.8 1',
  'Open CASCADE STEP translator 7.8 1','',(#8));
#8 = PRODUCT_CONTEXT('',#2,'mechanical');
#9 = PRODUCT_DEFINITION_CONTEXT('part definition',#2,'design');
#10 = SHAPE_REPRESENTATION('',(#11,#15,#68,#121,#271,#421,#571,#877,
    #1027,#1177,#1327,#1477,#1627,#1777,#1830,#1980,#2130,#2280,#2430,
    #2580),#2730);
#11 = AXIS2_PLACEMENT_3D('',#12,#13,#14);
#12 = CARTESIAN_POINT('',(0.,0.,0.));
#13 = DIRECTION('',(0.,0.,1.));
#14 = DIRECTION('',(1.,0.,-0.));
#15 = MANIFOLD_SOLID_BREP('',#16);
#16 = CLOSED_SHELL('',(#17,#50,#59));
#17 = ADVANCED_FACE('',(#18),#45,.T.);
#18 = FACE_BOUND('',#19,.T.);
#19 = EDGE_LOOP('',(#20,#29,#37,#44));
#20 = ORIENTED_EDGE('',*,*,#21,.F.);
#21 = EDGE_CURVE('',#22,#22,#24,.T.);
#22 = VERTEX_POINT('',#23);
#23 = CARTESIAN_POINT('',(-20.5,4.163799117101E-15,34.));
#24 = CIRCLE('',#25,17.);
#25 = AXIS2_PLACEMENT_3D('',#26,#27,#28);
#26 = CARTESIAN_POINT('',(-20.5,0.,17.));
#27 = DIRECTION('',(1.,0.,0.));
#28 = DIRECTION('',(-0.,0.,1.));
#29 = ORIENTED_EDGE('',*,*,#30,.F.);
#30 = EDGE_CURVE('',#31,#22,#33,.T.);
#31 = VERTEX_POINT('',#32);
#32 = CARTESIAN_POINT('',(-27.5,4.163799117101E-15,34.));
#33 = LINE('',#34,#35);
#34 = CARTESIAN_POINT('',(-27.5,4.163799117101E-15,34.));
#35 = VECTOR('',#36,1.);
#36 = DIRECTION('',(1.,0.,0.));
#37 = ORIENTED_EDGE('',*,*,#38,.T.);
#38 = EDGE_CURVE('',#31,#31,#39,.T.);
#39 = CIRCLE('',#40,17.);
#40 = AXIS2_PLACEMENT_3D('',#41,#42,#43);
#41 = CARTESIAN_POINT('',(-27.5,0.,17.));
#42 = DIRECTION('',(1.,0.,0.));
#43 = DIRECTION('',(-0.,0.,1.));
#44 = ORIENTED_EDGE('',*,*,#30,.T.);
#45 = CYLINDRICAL_SURFACE('',#46,17.);
#46 = AXIS2_PLACEMENT_3D('',#47,#48,#49);
#47 = CARTESIAN_POINT('',(-27.5,0.,17.));
#48 = DIRECTION('',(1.,0.,0.));
#49 = DIRECTION('',(-0.,0.,1.));
#50 = ADVANCED_FACE('',(#51),#54,.T.);
#51 = FACE_BOUND('',#52,.T.);
#52 = EDGE_LOOP('',(#53));
#53 = ORIENTED_EDGE('',*,*,#21,.T.);
#54 = PLANE('',#55);
#55 = AXIS2_PLACEMENT_3D('',#56,#57,#58);
#56 = CARTESIAN_POINT('',(-20.5,0.,17.));
#57 = DIRECTION('',(1.,0.,0.));
#58 = DIRECTION('',(-0.,0.,1.));
#59 = ADVANCED_FACE('',(#60),#63,.F.);
#60 = FACE_BOUND('',#61,.T.);
#61 = EDGE_LOOP('',(#62));
#62 = ORIENTED_EDGE('',*,*,#38,.F.);
#63 = PLANE('',#64);
#64 = AXIS2_PLACEMENT_3D('',#65,#66,#67);
#65 = CARTESIAN_POINT('',(-27.5,0.,17.));
#66 = DIRECTION('',(1.,0.,0.));
#67 = DIRECTION('',(-0.,0.,1.));
#68 = MANIFOLD_SOLID_BREP('',#69);
#69 = CLOSED_SHELL('',(#70,#103,#112));
#70 = ADVANCED_FACE('',(#71),#98,.T.);
#71 = FACE_BOUND('',#72,.T.);
#72 = EDGE_LOOP('',(#73,#82,#90,#97));
#73 = ORIENTED_EDGE('',*,*,#74,.F.);
#74 = EDGE_CURVE('',#75,#75,#77,.T.);
#75 = VERTEX_POINT('',#76);
#76 = CARTESIAN_POINT('',(27.5,4.163799117101E-15,34.));
#77 = CIRCLE('',#78,17.);
#78 = AXIS2_PLACEMENT_3D('',#79,#80,#81);
#79 = CARTESIAN_POINT('',(27.5,0.,17.));
#80 = DIRECTION('',(1.,0.,0.));
#81 = DIRECTION('',(-0.,0.,1.));
#82 = ORIENTED_EDGE('',*,*,#83,.F.);
#83 = EDGE_CURVE('',#84,#75,#86,.T.);
#84 = VERTEX_POINT('',#85);
#85 = CARTESIAN_POINT('',(20.5,4.163799117101E-15,34.));
#86 = LINE('',#87,#88);
#87 = CARTESIAN_POINT('',(20.5,4.163799117101E-15,34.));
#88 = VECTOR('',#89,1.);
#89 = DIRECTION('',(1.,0.,0.));
#90 = ORIENTED_EDGE('',*,*,#91,.T.);
#91 = EDGE_CURVE('',#84,#84,#92,.T.);
#92 = CIRCLE('',#93,17.);
#93 = AXIS2_PLACEMENT_3D('',#94,#95,#96);
#94 = CARTESIAN_POINT('',(20.5,0.,17.));
#95 = DIRECTION('',(1.,0.,0.));
#96 = DIRECTION('',(-0.,0.,1.));
#97 = ORIENTED_EDGE('',*,*,#83,.T.);
#98 = CYLINDRICAL_SURFACE('',#99,17.);
#99 = AXIS2_PLACEMENT_3D('',#100,#101,#102);
#100 = CARTESIAN_POINT('',(20.5,0.,17.));
#101 = DIRECTION('',(1.,0.,0.));
#102 = DIRECTION('',(-0.,0.,1.));
#103 = ADVANCED_FACE('',(#104),#107,.T.);
#104 = FACE_BOUND('',#105,.T.);
#105 = EDGE_LOOP('',(#106));
#106 = ORIENTED_EDGE('',*,*,#74,.T.);
#107 = PLANE('',#108);
#108 = AXIS2_PLACEMENT_3D('',#109,#110,#111);
#109 = CARTESIAN_POINT('',(27.5,0.,17.));
#110 = DIRECTION('',(1.,0.,0.));
#111 = DIRECTION('',(-0.,0.,1.));
#112 = ADVANCED_FACE('',(#113),#116,.F.);
#113 = FACE_BOUND('',#114,.T.);
#114 = EDGE_LOOP('',(#115));
#115 = ORIENTED_EDGE('',*,*,#91,.F.);
#116 = PLANE('',#117);
#117 = AXIS2_PLACEMENT_3D('',#118,#119,#120);
#118 = CARTESIAN_POINT('',(20.5,0.,17.));
#119 = DIRECTION('',(1.,0.,0.));
#120 = DIRECTION('',(-0.,0.,1.));
#121 = MANIFOLD_SOLID_BREP('',#122);
#122 = CLOSED_SHELL('',(#123,#163,#203,#225,#247,#259));
#123 = ADVANCED_FACE('',(#124),#158,.F.);
#124 = FACE_BOUND('',#125,.F.);
#125 = EDGE_LOOP('',(#126,#136,#144,#152));
#126 = ORIENTED_EDGE('',*,*,#127,.F.);
#127 = EDGE_CURVE('',#128,#130,#132,.T.);
#128 = VERTEX_POINT('',#129);
#129 = CARTESIAN_POINT('',(-24.,-5.,11.));
#130 = VERTEX_POINT('',#131);
#131 = CARTESIAN_POINT('',(-24.,-5.,23.));
#132 = LINE('',#133,#134);
#133 = CARTESIAN_POINT('',(-24.,-5.,11.));
#134 = VECTOR('',#135,1.);
#135 = DIRECTION('',(0.,0.,1.));
#136 = ORIENTED_EDGE('',*,*,#137,.T.);
#137 = EDGE_CURVE('',#128,#138,#140,.T.);
#138 = VERTEX_POINT('',#139);
#139 = CARTESIAN_POINT('',(-24.,5.,11.));
#140 = LINE('',#141,#142);
#141 = CARTESIAN_POINT('',(-24.,-5.,11.));
#142 = VECTOR('',#143,1.);
#143 = DIRECTION('',(-0.,1.,0.));
#144 = ORIENTED_EDGE('',*,*,#145,.T.);
#145 = EDGE_CURVE('',#138,#146,#148,.T.);
#146 = VERTEX_POINT('',#147);
#147 = CARTESIAN_POINT('',(-24.,5.,23.));
#148 = LINE('',#149,#150);
#149 = CARTESIAN_POINT('',(-24.,5.,11.));
#150 = VECTOR('',#151,1.);
#151 = DIRECTION('',(0.,0.,1.));
#152 = ORIENTED_EDGE('',*,*,#153,.F.);
#153 = EDGE_CURVE('',#130,#146,#154,.T.);
#154 = LINE('',#155,#156);
#155 = CARTESIAN_POINT('',(-24.,-5.,23.));
#156 = VECTOR('',#157,1.);
#157 = DIRECTION('',(-0.,1.,0.));
#158 = PLANE('',#159);
#159 = AXIS2_PLACEMENT_3D('',#160,#161,#162);
#160 = CARTESIAN_POINT('',(-24.,-5.,11.));
#161 = DIRECTION('',(1.,0.,-0.));
#162 = DIRECTION('',(0.,0.,1.));
#163 = ADVANCED_FACE('',(#164),#198,.T.);
#164 = FACE_BOUND('',#165,.T.);
#165 = EDGE_LOOP('',(#166,#176,#184,#192));
#166 = ORIENTED_EDGE('',*,*,#167,.F.);
#167 = EDGE_CURVE('',#168,#170,#172,.T.);
#168 = VERTEX_POINT('',#169);
#169 = CARTESIAN_POINT('',(0.,-5.,11.));
#170 = VERTEX_POINT('',#171);
#171 = CARTESIAN_POINT('',(0.,-5.,23.));
#172 = LINE('',#173,#174);
#173 = CARTESIAN_POINT('',(0.,-5.,11.));
#174 = VECTOR('',#175,1.);
#175 = DIRECTION('',(0.,0.,1.));
#176 = ORIENTED_EDGE('',*,*,#177,.T.);
#177 = EDGE_CURVE('',#168,#178,#180,.T.);
#178 = VERTEX_POINT('',#179);
#179 = CARTESIAN_POINT('',(0.,5.,11.));
#180 = LINE('',#181,#182);
#181 = CARTESIAN_POINT('',(0.,-5.,11.));
#182 = VECTOR('',#183,1.);
#183 = DIRECTION('',(-0.,1.,0.));
#184 = ORIENTED_EDGE('',*,*,#185,.T.);
#185 = EDGE_CURVE('',#178,#186,#188,.T.);
#186 = VERTEX_POINT('',#187);
#187 = CARTESIAN_POINT('',(0.,5.,23.));
#188 = LINE('',#189,#190);
#189 = CARTESIAN_POINT('',(0.,5.,11.));
#190 = VECTOR('',#191,1.);
#191 = DIRECTION('',(0.,0.,1.));
#192 = ORIENTED_EDGE('',*,*,#193,.F.);
#193 = EDGE_CURVE('',#170,#186,#194,.T.);
#194 = LINE('',#195,#196);
#195 = CARTESIAN_POINT('',(0.,-5.,23.));
#196 = VECTOR('',#197,1.);
#197 = DIRECTION('',(-0.,1.,0.));
#198 = PLANE('',#199);
#199 = AXIS2_PLACEMENT_3D('',#200,#201,#202);
#200 = CARTESIAN_POINT('',(0.,-5.,11.));
#201 = DIRECTION('',(1.,0.,-0.));
#202 = DIRECTION('',(0.,0.,1.));
#203 = ADVANCED_FACE('',(#204),#220,.F.);
#204 = FACE_BOUND('',#205,.F.);
#205 = EDGE_LOOP('',(#206,#212,#213,#219));
#206 = ORIENTED_EDGE('',*,*,#207,.F.);
#207 = EDGE_CURVE('',#128,#168,#208,.T.);
#208 = LINE('',#209,#210);
#209 = CARTESIAN_POINT('',(-24.,-5.,11.));
#210 = VECTOR('',#211,1.);
#211 = DIRECTION('',(1.,0.,-0.));
#212 = ORIENTED_EDGE('',*,*,#127,.T.);
#213 = ORIENTED_EDGE('',*,*,#214,.T.);
#214 = EDGE_CURVE('',#130,#170,#215,.T.);
#215 = LINE('',#216,#217);
#216 = CARTESIAN_POINT('',(-24.,-5.,23.));
#217 = VECTOR('',#218,1.);
#218 = DIRECTION('',(1.,0.,-0.));
#219 = ORIENTED_EDGE('',*,*,#167,.F.);
#220 = PLANE('',#221);
#221 = AXIS2_PLACEMENT_3D('',#222,#223,#224);
#222 = CARTESIAN_POINT('',(-24.,-5.,11.));
#223 = DIRECTION('',(-0.,1.,0.));
#224 = DIRECTION('',(0.,0.,1.));
#225 = ADVANCED_FACE('',(#226),#242,.T.);
#226 = FACE_BOUND('',#227,.T.);
#227 = EDGE_LOOP('',(#228,#234,#235,#241));
#228 = ORIENTED_EDGE('',*,*,#229,.F.);
#229 = EDGE_CURVE('',#138,#178,#230,.T.);
#230 = LINE('',#231,#232);
#231 = CARTESIAN_POINT('',(-24.,5.,11.));
#232 = VECTOR('',#233,1.);
#233 = DIRECTION('',(1.,0.,-0.));
#234 = ORIENTED_EDGE('',*,*,#145,.T.);
#235 = ORIENTED_EDGE('',*,*,#236,.T.);
#236 = EDGE_CURVE('',#146,#186,#237,.T.);
#237 = LINE('',#238,#239);
#238 = CARTESIAN_POINT('',(-24.,5.,23.));
#239 = VECTOR('',#240,1.);
#240 = DIRECTION('',(1.,0.,-0.));
#241 = ORIENTED_EDGE('',*,*,#185,.F.);
#242 = PLANE('',#243);
#243 = AXIS2_PLACEMENT_3D('',#244,#245,#246);
#244 = CARTESIAN_POINT('',(-24.,5.,11.));
#245 = DIRECTION('',(-0.,1.,0.));
#246 = DIRECTION('',(0.,0.,1.));
#247 = ADVANCED_FACE('',(#248),#254,.F.);
#248 = FACE_BOUND('',#249,.F.);
#249 = EDGE_LOOP('',(#250,#251,#252,#253));
#250 = ORIENTED_EDGE('',*,*,#137,.F.);
#251 = ORIENTED_EDGE('',*,*,#207,.T.);
#252 = ORIENTED_EDGE('',*,*,#177,.T.);
#253 = ORIENTED_EDGE('',*,*,#229,.F.);
#254 = PLANE('',#255);
#255 = AXIS2_PLACEMENT_3D('',#256,#257,#258);
#256 = CARTESIAN_POINT('',(-24.,-5.,11.));
#257 = DIRECTION('',(0.,0.,1.));
#258 = DIRECTION('',(1.,0.,-0.));
#259 = ADVANCED_FACE('',(#260),#266,.T.);
#260 = FACE_BOUND('',#261,.T.);
#261 = EDGE_LOOP('',(#262,#263,#264,#265));
#262 = ORIENTED_EDGE('',*,*,#153,.F.);
#263 = ORIENTED_EDGE('',*,*,#214,.T.);
#264 = ORIENTED_EDGE('',*,*,#193,.T.);
#265 = ORIENTED_EDGE('',*,*,#236,.F.);
#266 = PLANE('',#267);
#267 = AXIS2_PLACEMENT_3D('',#268,#269,#270);
#268 = CARTESIAN_POINT('',(-24.,-5.,23.));
#269 = DIRECTION('',(0.,0.,1.));
#270 = DIRECTION('',(1.,0.,-0.));
#271 = MANIFOLD_SOLID_BREP('',#272);
#272 = CLOSED_SHELL('',(#273,#313,#353,#375,#397,#409));
#273 = ADVANCED_FACE('',(#274),#308,.F.);
#274 = FACE_BOUND('',#275,.F.);
#275 = EDGE_LOOP('',(#276,#286,#294,#302));
#276 = ORIENTED_EDGE('',*,*,#277,.F.);
#277 = EDGE_CURVE('',#278,#280,#282,.T.);
#278 = VERTEX_POINT('',#279);
#279 = CARTESIAN_POINT('',(0.,-5.,11.));
#280 = VERTEX_POINT('',#281);
#281 = CARTESIAN_POINT('',(0.,-5.,23.));
#282 = LINE('',#283,#284);
#283 = CARTESIAN_POINT('',(0.,-5.,11.));
#284 = VECTOR('',#285,1.);
#285 = DIRECTION('',(0.,0.,1.));
#286 = ORIENTED_EDGE('',*,*,#287,.T.);
#287 = EDGE_CURVE('',#278,#288,#290,.T.);
#288 = VERTEX_POINT('',#289);
#289 = CARTESIAN_POINT('',(0.,5.,11.));
#290 = LINE('',#291,#292);
#291 = CARTESIAN_POINT('',(0.,-5.,11.));
#292 = VECTOR('',#293,1.);
#293 = DIRECTION('',(-0.,1.,0.));
#294 = ORIENTED_EDGE('',*,*,#295,.T.);
#295 = EDGE_CURVE('',#288,#296,#298,.T.);
#296 = VERTEX_POINT('',#297);
#297 = CARTESIAN_POINT('',(0.,5.,23.));
#298 = LINE('',#299,#300);
#299 = CARTESIAN_POINT('',(0.,5.,11.));
#300 = VECTOR('',#301,1.);
#301 = DIRECTION('',(0.,0.,1.));
#302 = ORIENTED_EDGE('',*,*,#303,.F.);
#303 = EDGE_CURVE('',#280,#296,#304,.T.);
#304 = LINE('',#305,#306);
#305 = CARTESIAN_POINT('',(0.,-5.,23.));
#306 = VECTOR('',#307,1.);
#307 = DIRECTION('',(-0.,1.,0.));
#308 = PLANE('',#309);
#309 = AXIS2_PLACEMENT_3D('',#310,#311,#312);
#310 = CARTESIAN_POINT('',(0.,-5.,11.));
#311 = DIRECTION('',(1.,0.,-0.));
#312 = DIRECTION('',(0.,0.,1.));
#313 = ADVANCED_FACE('',(#314),#348,.T.);
#314 = FACE_BOUND('',#315,.T.);
#315 = EDGE_LOOP('',(#316,#326,#334,#342));
#316 = ORIENTED_EDGE('',*,*,#317,.F.);
#317 = EDGE_CURVE('',#318,#320,#322,.T.);
#318 = VERTEX_POINT('',#319);
#319 = CARTESIAN_POINT('',(24.,-5.,11.));
#320 = VERTEX_POINT('',#321);
#321 = CARTESIAN_POINT('',(24.,-5.,23.));
#322 = LINE('',#323,#324);
#323 = CARTESIAN_POINT('',(24.,-5.,11.));
#324 = VECTOR('',#325,1.);
#325 = DIRECTION('',(0.,0.,1.));
#326 = ORIENTED_EDGE('',*,*,#327,.T.);
#327 = EDGE_CURVE('',#318,#328,#330,.T.);
#328 = VERTEX_POINT('',#329);
#329 = CARTESIAN_POINT('',(24.,5.,11.));
#330 = LINE('',#331,#332);
#331 = CARTESIAN_POINT('',(24.,-5.,11.));
#332 = VECTOR('',#333,1.);
#333 = DIRECTION('',(-0.,1.,0.));
#334 = ORIENTED_EDGE('',*,*,#335,.T.);
#335 = EDGE_CURVE('',#328,#336,#338,.T.);
#336 = VERTEX_POINT('',#337);
#337 = CARTESIAN_POINT('',(24.,5.,23.));
#338 = LINE('',#339,#340);
#339 = CARTESIAN_POINT('',(24.,5.,11.));
#340 = VECTOR('',#341,1.);
#341 = DIRECTION('',(0.,0.,1.));
#342 = ORIENTED_EDGE('',*,*,#343,.F.);
#343 = EDGE_CURVE('',#320,#336,#344,.T.);
#344 = LINE('',#345,#346);
#345 = CARTESIAN_POINT('',(24.,-5.,23.));
#346 = VECTOR('',#347,1.);
#347 = DIRECTION('',(-0.,1.,0.));
#348 = PLANE('',#349);
#349 = AXIS2_PLACEMENT_3D('',#350,#351,#352);
#350 = CARTESIAN_POINT('',(24.,-5.,11.));
#351 = DIRECTION('',(1.,0.,-0.));
#352 = DIRECTION('',(0.,0.,1.));
#353 = ADVANCED_FACE('',(#354),#370,.F.);
#354 = FACE_BOUND('',#355,.F.);
#355 = EDGE_LOOP('',(#356,#362,#363,#369));
#356 = ORIENTED_EDGE('',*,*,#357,.F.);
#357 = EDGE_CURVE('',#278,#318,#358,.T.);
#358 = LINE('',#359,#360);
#359 = CARTESIAN_POINT('',(0.,-5.,11.));
#360 = VECTOR('',#361,1.);
#361 = DIRECTION('',(1.,0.,-0.));
#362 = ORIENTED_EDGE('',*,*,#277,.T.);
#363 = ORIENTED_EDGE('',*,*,#364,.T.);
#364 = EDGE_CURVE('',#280,#320,#365,.T.);
#365 = LINE('',#366,#367);
#366 = CARTESIAN_POINT('',(0.,-5.,23.));
#367 = VECTOR('',#368,1.);
#368 = DIRECTION('',(1.,0.,-0.));
#369 = ORIENTED_EDGE('',*,*,#317,.F.);
#370 = PLANE('',#371);
#371 = AXIS2_PLACEMENT_3D('',#372,#373,#374);
#372 = CARTESIAN_POINT('',(0.,-5.,11.));
#373 = DIRECTION('',(-0.,1.,0.));
#374 = DIRECTION('',(0.,0.,1.));
#375 = ADVANCED_FACE('',(#376),#392,.T.);
#376 = FACE_BOUND('',#377,.T.);
#377 = EDGE_LOOP('',(#378,#384,#385,#391));
#378 = ORIENTED_EDGE('',*,*,#379,.F.);
#379 = EDGE_CURVE('',#288,#328,#380,.T.);
#380 = LINE('',#381,#382);
#381 = CARTESIAN_POINT('',(0.,5.,11.));
#382 = VECTOR('',#383,1.);
#383 = DIRECTION('',(1.,0.,-0.));
#384 = ORIENTED_EDGE('',*,*,#295,.T.);
#385 = ORIENTED_EDGE('',*,*,#386,.T.);
#386 = EDGE_CURVE('',#296,#336,#387,.T.);
#387 = LINE('',#388,#389);
#388 = CARTESIAN_POINT('',(0.,5.,23.));
#389 = VECTOR('',#390,1.);
#390 = DIRECTION('',(1.,0.,-0.));
#391 = ORIENTED_EDGE('',*,*,#335,.F.);
#392 = PLANE('',#393);
#393 = AXIS2_PLACEMENT_3D('',#394,#395,#396);
#394 = CARTESIAN_POINT('',(0.,5.,11.));
#395 = DIRECTION('',(-0.,1.,0.));
#396 = DIRECTION('',(0.,0.,1.));
#397 = ADVANCED_FACE('',(#398),#404,.F.);
#398 = FACE_BOUND('',#399,.F.);
#399 = EDGE_LOOP('',(#400,#401,#402,#403));
#400 = ORIENTED_EDGE('',*,*,#287,.F.);
#401 = ORIENTED_EDGE('',*,*,#357,.T.);
#402 = ORIENTED_EDGE('',*,*,#327,.T.);
#403 = ORIENTED_EDGE('',*,*,#379,.F.);
#404 = PLANE('',#405);
#405 = AXIS2_PLACEMENT_3D('',#406,#407,#408);
#406 = CARTESIAN_POINT('',(0.,-5.,11.));
#407 = DIRECTION('',(0.,0.,1.));
#408 = DIRECTION('',(1.,0.,-0.));
#409 = ADVANCED_FACE('',(#410),#416,.T.);
#410 = FACE_BOUND('',#411,.T.);
#411 = EDGE_LOOP('',(#412,#413,#414,#415));
#412 = ORIENTED_EDGE('',*,*,#303,.F.);
#413 = ORIENTED_EDGE('',*,*,#364,.T.);
#414 = ORIENTED_EDGE('',*,*,#343,.T.);
#415 = ORIENTED_EDGE('',*,*,#386,.F.);
#416 = PLANE('',#417);
#417 = AXIS2_PLACEMENT_3D('',#418,#419,#420);
#418 = CARTESIAN_POINT('',(0.,-5.,23.));
#419 = DIRECTION('',(0.,0.,1.));
#420 = DIRECTION('',(1.,0.,-0.));
#421 = MANIFOLD_SOLID_BREP('',#422);
#422 = CLOSED_SHELL('',(#423,#463,#503,#525,#547,#559));
#423 = ADVANCED_FACE('',(#424),#458,.F.);
#424 = FACE_BOUND('',#425,.F.);
#425 = EDGE_LOOP('',(#426,#436,#444,#452));
#426 = ORIENTED_EDGE('',*,*,#427,.F.);
#427 = EDGE_CURVE('',#428,#430,#432,.T.);
#428 = VERTEX_POINT('',#429);
#429 = CARTESIAN_POINT('',(-19.,-13.,24.));
#430 = VERTEX_POINT('',#431);
#431 = CARTESIAN_POINT('',(-19.,-13.,32.));
#432 = LINE('',#433,#434);
#433 = CARTESIAN_POINT('',(-19.,-13.,24.));
#434 = VECTOR('',#435,1.);
#435 = DIRECTION('',(0.,0.,1.));
#436 = ORIENTED_EDGE('',*,*,#437,.T.);
#437 = EDGE_CURVE('',#428,#438,#440,.T.);
#438 = VERTEX_POINT('',#439);
#439 = CARTESIAN_POINT('',(-19.,13.,24.));
#440 = LINE('',#441,#442);
#441 = CARTESIAN_POINT('',(-19.,-13.,24.));
#442 = VECTOR('',#443,1.);
#443 = DIRECTION('',(-0.,1.,0.));
#444 = ORIENTED_EDGE('',*,*,#445,.T.);
#445 = EDGE_CURVE('',#438,#446,#448,.T.);
#446 = VERTEX_POINT('',#447);
#447 = CARTESIAN_POINT('',(-19.,13.,32.));
#448 = LINE('',#449,#450);
#449 = CARTESIAN_POINT('',(-19.,13.,24.));
#450 = VECTOR('',#451,1.);
#451 = DIRECTION('',(0.,0.,1.));
#452 = ORIENTED_EDGE('',*,*,#453,.F.);
#453 = EDGE_CURVE('',#430,#446,#454,.T.);
#454 = LINE('',#455,#456);
#455 = CARTESIAN_POINT('',(-19.,-13.,32.));
#456 = VECTOR('',#457,1.);
#457 = DIRECTION('',(-0.,1.,0.));
#458 = PLANE('',#459);
#459 = AXIS2_PLACEMENT_3D('',#460,#461,#462);
#460 = CARTESIAN_POINT('',(-19.,-13.,24.));
#461 = DIRECTION('',(1.,0.,-0.));
#462 = DIRECTION('',(0.,0.,1.));
#463 = ADVANCED_FACE('',(#464),#498,.T.);
#464 = FACE_BOUND('',#465,.T.);
#465 = EDGE_LOOP('',(#466,#476,#484,#492));
#466 = ORIENTED_EDGE('',*,*,#467,.F.);
#467 = EDGE_CURVE('',#468,#470,#472,.T.);
#468 = VERTEX_POINT('',#469);
#469 = CARTESIAN_POINT('',(19.,-13.,24.));
#470 = VERTEX_POINT('',#471);
#471 = CARTESIAN_POINT('',(19.,-13.,32.));
#472 = LINE('',#473,#474);
#473 = CARTESIAN_POINT('',(19.,-13.,24.));
#474 = VECTOR('',#475,1.);
#475 = DIRECTION('',(0.,0.,1.));
#476 = ORIENTED_EDGE('',*,*,#477,.T.);
#477 = EDGE_CURVE('',#468,#478,#480,.T.);
#478 = VERTEX_POINT('',#479);
#479 = CARTESIAN_POINT('',(19.,13.,24.));
#480 = LINE('',#481,#482);
#481 = CARTESIAN_POINT('',(19.,-13.,24.));
#482 = VECTOR('',#483,1.);
#483 = DIRECTION('',(-0.,1.,0.));
#484 = ORIENTED_EDGE('',*,*,#485,.T.);
#485 = EDGE_CURVE('',#478,#486,#488,.T.);
#486 = VERTEX_POINT('',#487);
#487 = CARTESIAN_POINT('',(19.,13.,32.));
#488 = LINE('',#489,#490);
#489 = CARTESIAN_POINT('',(19.,13.,24.));
#490 = VECTOR('',#491,1.);
#491 = DIRECTION('',(0.,0.,1.));
#492 = ORIENTED_EDGE('',*,*,#493,.F.);
#493 = EDGE_CURVE('',#470,#486,#494,.T.);
#494 = LINE('',#495,#496);
#495 = CARTESIAN_POINT('',(19.,-13.,32.));
#496 = VECTOR('',#497,1.);
#497 = DIRECTION('',(-0.,1.,0.));
#498 = PLANE('',#499);
#499 = AXIS2_PLACEMENT_3D('',#500,#501,#502);
#500 = CARTESIAN_POINT('',(19.,-13.,24.));
#501 = DIRECTION('',(1.,0.,-0.));
#502 = DIRECTION('',(0.,0.,1.));
#503 = ADVANCED_FACE('',(#504),#520,.F.);
#504 = FACE_BOUND('',#505,.F.);
#505 = EDGE_LOOP('',(#506,#512,#513,#519));
#506 = ORIENTED_EDGE('',*,*,#507,.F.);
#507 = EDGE_CURVE('',#428,#468,#508,.T.);
#508 = LINE('',#509,#510);
#509 = CARTESIAN_POINT('',(-19.,-13.,24.));
#510 = VECTOR('',#511,1.);
#511 = DIRECTION('',(1.,0.,-0.));
#512 = ORIENTED_EDGE('',*,*,#427,.T.);
#513 = ORIENTED_EDGE('',*,*,#514,.T.);
#514 = EDGE_CURVE('',#430,#470,#515,.T.);
#515 = LINE('',#516,#517);
#516 = CARTESIAN_POINT('',(-19.,-13.,32.));
#517 = VECTOR('',#518,1.);
#518 = DIRECTION('',(1.,0.,-0.));
#519 = ORIENTED_EDGE('',*,*,#467,.F.);
#520 = PLANE('',#521);
#521 = AXIS2_PLACEMENT_3D('',#522,#523,#524);
#522 = CARTESIAN_POINT('',(-19.,-13.,24.));
#523 = DIRECTION('',(-0.,1.,0.));
#524 = DIRECTION('',(0.,0.,1.));
#525 = ADVANCED_FACE('',(#526),#542,.T.);
#526 = FACE_BOUND('',#527,.T.);
#527 = EDGE_LOOP('',(#528,#534,#535,#541));
#528 = ORIENTED_EDGE('',*,*,#529,.F.);
#529 = EDGE_CURVE('',#438,#478,#530,.T.);
#530 = LINE('',#531,#532);
#531 = CARTESIAN_POINT('',(-19.,13.,24.));
#532 = VECTOR('',#533,1.);
#533 = DIRECTION('',(1.,0.,-0.));
#534 = ORIENTED_EDGE('',*,*,#445,.T.);
#535 = ORIENTED_EDGE('',*,*,#536,.T.);
#536 = EDGE_CURVE('',#446,#486,#537,.T.);
#537 = LINE('',#538,#539);
#538 = CARTESIAN_POINT('',(-19.,13.,32.));
#539 = VECTOR('',#540,1.);
#540 = DIRECTION('',(1.,0.,-0.));
#541 = ORIENTED_EDGE('',*,*,#485,.F.);
#542 = PLANE('',#543);
#543 = AXIS2_PLACEMENT_3D('',#544,#545,#546);
#544 = CARTESIAN_POINT('',(-19.,13.,24.));
#545 = DIRECTION('',(-0.,1.,0.));
#546 = DIRECTION('',(0.,0.,1.));
#547 = ADVANCED_FACE('',(#548),#554,.F.);
#548 = FACE_BOUND('',#549,.F.);
#549 = EDGE_LOOP('',(#550,#551,#552,#553));
#550 = ORIENTED_EDGE('',*,*,#437,.F.);
#551 = ORIENTED_EDGE('',*,*,#507,.T.);
#552 = ORIENTED_EDGE('',*,*,#477,.T.);
#553 = ORIENTED_EDGE('',*,*,#529,.F.);
#554 = PLANE('',#555);
#555 = AXIS2_PLACEMENT_3D('',#556,#557,#558);
#556 = CARTESIAN_POINT('',(-19.,-13.,24.));
#557 = DIRECTION('',(0.,0.,1.));
#558 = DIRECTION('',(1.,0.,-0.));
#559 = ADVANCED_FACE('',(#560),#566,.T.);
#560 = FACE_BOUND('',#561,.T.);
#561 = EDGE_LOOP('',(#562,#563,#564,#565));
#562 = ORIENTED_EDGE('',*,*,#453,.F.);
#563 = ORIENTED_EDGE('',*,*,#514,.T.);
#564 = ORIENTED_EDGE('',*,*,#493,.T.);
#565 = ORIENTED_EDGE('',*,*,#536,.F.);
#566 = PLANE('',#567);
#567 = AXIS2_PLACEMENT_3D('',#568,#569,#570);
#568 = CARTESIAN_POINT('',(-19.,-13.,32.));
#569 = DIRECTION('',(0.,0.,1.));
#570 = DIRECTION('',(1.,0.,-0.));
#571 = MANIFOLD_SOLID_BREP('',#572);
#572 = CLOSED_SHELL('',(#573,#613,#644,#712,#736,#797,#809,#826,#843,
    #860));
#573 = ADVANCED_FACE('',(#574),#608,.F.);
#574 = FACE_BOUND('',#575,.F.);
#575 = EDGE_LOOP('',(#576,#586,#594,#602));
#576 = ORIENTED_EDGE('',*,*,#577,.F.);
#577 = EDGE_CURVE('',#578,#580,#582,.T.);
#578 = VERTEX_POINT('',#579);
#579 = CARTESIAN_POINT('',(-24.,-18.,33.));
#580 = VERTEX_POINT('',#581);
#581 = CARTESIAN_POINT('',(-24.,-18.,34.6));
#582 = LINE('',#583,#584);
#583 = CARTESIAN_POINT('',(-24.,-18.,33.));
#584 = VECTOR('',#585,1.);
#585 = DIRECTION('',(0.,0.,1.));
#586 = ORIENTED_EDGE('',*,*,#587,.T.);
#587 = EDGE_CURVE('',#578,#588,#590,.T.);
#588 = VERTEX_POINT('',#589);
#589 = CARTESIAN_POINT('',(-24.,14.,33.));
#590 = LINE('',#591,#592);
#591 = CARTESIAN_POINT('',(-24.,-18.,33.));
#592 = VECTOR('',#593,1.);
#593 = DIRECTION('',(-0.,1.,0.));
#594 = ORIENTED_EDGE('',*,*,#595,.T.);
#595 = EDGE_CURVE('',#588,#596,#598,.T.);
#596 = VERTEX_POINT('',#597);
#597 = CARTESIAN_POINT('',(-24.,14.,34.6));
#598 = LINE('',#599,#600);
#599 = CARTESIAN_POINT('',(-24.,14.,33.));
#600 = VECTOR('',#601,1.);
#601 = DIRECTION('',(0.,0.,1.));
#602 = ORIENTED_EDGE('',*,*,#603,.F.);
#603 = EDGE_CURVE('',#580,#596,#604,.T.);
#604 = LINE('',#605,#606);
#605 = CARTESIAN_POINT('',(-24.,-18.,34.6));
#606 = VECTOR('',#607,1.);
#607 = DIRECTION('',(-0.,1.,0.));
#608 = PLANE('',#609);
#609 = AXIS2_PLACEMENT_3D('',#610,#611,#612);
#610 = CARTESIAN_POINT('',(-24.,-18.,33.));
#611 = DIRECTION('',(1.,0.,-0.));
#612 = DIRECTION('',(0.,0.,1.));
#613 = ADVANCED_FACE('',(#614),#639,.F.);
#614 = FACE_BOUND('',#615,.F.);
#615 = EDGE_LOOP('',(#616,#624,#625,#633));
#616 = ORIENTED_EDGE('',*,*,#617,.F.);
#617 = EDGE_CURVE('',#578,#618,#620,.T.);
#618 = VERTEX_POINT('',#619);
#619 = CARTESIAN_POINT('',(24.,-18.,33.));
#620 = LINE('',#621,#622);
#621 = CARTESIAN_POINT('',(-24.,-18.,33.));
#622 = VECTOR('',#623,1.);
#623 = DIRECTION('',(1.,0.,-0.));
#624 = ORIENTED_EDGE('',*,*,#577,.T.);
#625 = ORIENTED_EDGE('',*,*,#626,.T.);
#626 = EDGE_CURVE('',#580,#627,#629,.T.);
#627 = VERTEX_POINT('',#628);
#628 = CARTESIAN_POINT('',(24.,-18.,34.6));
#629 = LINE('',#630,#631);
#630 = CARTESIAN_POINT('',(-24.,-18.,34.6));
#631 = VECTOR('',#632,1.);
#632 = DIRECTION('',(1.,0.,-0.));
#633 = ORIENTED_EDGE('',*,*,#634,.F.);
#634 = EDGE_CURVE('',#618,#627,#635,.T.);
#635 = LINE('',#636,#637);
#636 = CARTESIAN_POINT('',(24.,-18.,33.));
#637 = VECTOR('',#638,1.);
#638 = DIRECTION('',(0.,0.,1.));
#639 = PLANE('',#640);
#640 = AXIS2_PLACEMENT_3D('',#641,#642,#643);
#641 = CARTESIAN_POINT('',(-24.,-18.,33.));
#642 = DIRECTION('',(-0.,1.,0.));
#643 = DIRECTION('',(0.,0.,1.));
#644 = ADVANCED_FACE('',(#645,#663,#674,#685,#696),#707,.T.);
#645 = FACE_BOUND('',#646,.T.);
#646 = EDGE_LOOP('',(#647,#648,#649,#657));
#647 = ORIENTED_EDGE('',*,*,#603,.F.);
#648 = ORIENTED_EDGE('',*,*,#626,.T.);
#649 = ORIENTED_EDGE('',*,*,#650,.T.);
#650 = EDGE_CURVE('',#627,#651,#653,.T.);
#651 = VERTEX_POINT('',#652);
#652 = CARTESIAN_POINT('',(24.,14.,34.6));
#653 = LINE('',#654,#655);
#654 = CARTESIAN_POINT('',(24.,-18.,34.6));
#655 = VECTOR('',#656,1.);
#656 = DIRECTION('',(-0.,1.,0.));
#657 = ORIENTED_EDGE('',*,*,#658,.F.);
#658 = EDGE_CURVE('',#596,#651,#659,.T.);
#659 = LINE('',#660,#661);
#660 = CARTESIAN_POINT('',(-24.,14.,34.6));
#661 = VECTOR('',#662,1.);
#662 = DIRECTION('',(1.,0.,-0.));
#663 = FACE_BOUND('',#664,.T.);
#664 = EDGE_LOOP('',(#665));
#665 = ORIENTED_EDGE('',*,*,#666,.F.);
#666 = EDGE_CURVE('',#667,#667,#669,.T.);
#667 = VERTEX_POINT('',#668);
#668 = CARTESIAN_POINT('',(-20.4,-15.5,34.6));
#669 = CIRCLE('',#670,1.1);
#670 = AXIS2_PLACEMENT_3D('',#671,#672,#673);
#671 = CARTESIAN_POINT('',(-21.5,-15.5,34.6));
#672 = DIRECTION('',(0.,0.,1.));
#673 = DIRECTION('',(1.,0.,-0.));
#674 = FACE_BOUND('',#675,.T.);
#675 = EDGE_LOOP('',(#676));
#676 = ORIENTED_EDGE('',*,*,#677,.F.);
#677 = EDGE_CURVE('',#678,#678,#680,.T.);
#678 = VERTEX_POINT('',#679);
#679 = CARTESIAN_POINT('',(22.6,-15.5,34.6));
#680 = CIRCLE('',#681,1.1);
#681 = AXIS2_PLACEMENT_3D('',#682,#683,#684);
#682 = CARTESIAN_POINT('',(21.5,-15.5,34.6));
#683 = DIRECTION('',(0.,0.,1.));
#684 = DIRECTION('',(1.,0.,-0.));
#685 = FACE_BOUND('',#686,.T.);
#686 = EDGE_LOOP('',(#687));
#687 = ORIENTED_EDGE('',*,*,#688,.F.);
#688 = EDGE_CURVE('',#689,#689,#691,.T.);
#689 = VERTEX_POINT('',#690);
#690 = CARTESIAN_POINT('',(-20.4,11.5,34.6));
#691 = CIRCLE('',#692,1.1);
#692 = AXIS2_PLACEMENT_3D('',#693,#694,#695);
#693 = CARTESIAN_POINT('',(-21.5,11.5,34.6));
#694 = DIRECTION('',(0.,0.,1.));
#695 = DIRECTION('',(1.,0.,-0.));
#696 = FACE_BOUND('',#697,.T.);
#697 = EDGE_LOOP('',(#698));
#698 = ORIENTED_EDGE('',*,*,#699,.F.);
#699 = EDGE_CURVE('',#700,#700,#702,.T.);
#700 = VERTEX_POINT('',#701);
#701 = CARTESIAN_POINT('',(22.6,11.5,34.6));
#702 = CIRCLE('',#703,1.1);
#703 = AXIS2_PLACEMENT_3D('',#704,#705,#706);
#704 = CARTESIAN_POINT('',(21.5,11.5,34.6));
#705 = DIRECTION('',(0.,0.,1.));
#706 = DIRECTION('',(1.,0.,-0.));
#707 = PLANE('',#708);
#708 = AXIS2_PLACEMENT_3D('',#709,#710,#711);
#709 = CARTESIAN_POINT('',(-24.,-18.,34.6));
#710 = DIRECTION('',(0.,0.,1.));
#711 = DIRECTION('',(1.,0.,-0.));
#712 = ADVANCED_FACE('',(#713),#731,.T.);
#713 = FACE_BOUND('',#714,.T.);
#714 = EDGE_LOOP('',(#715,#723,#724,#725));
#715 = ORIENTED_EDGE('',*,*,#716,.F.);
#716 = EDGE_CURVE('',#588,#717,#719,.T.);
#717 = VERTEX_POINT('',#718);
#718 = CARTESIAN_POINT('',(24.,14.,33.));
#719 = LINE('',#720,#721);
#720 = CARTESIAN_POINT('',(-24.,14.,33.));
#721 = VECTOR('',#722,1.);
#722 = DIRECTION('',(1.,0.,-0.));
#723 = ORIENTED_EDGE('',*,*,#595,.T.);
#724 = ORIENTED_EDGE('',*,*,#658,.T.);
#725 = ORIENTED_EDGE('',*,*,#726,.F.);
#726 = EDGE_CURVE('',#717,#651,#727,.T.);
#727 = LINE('',#728,#729);
#728 = CARTESIAN_POINT('',(24.,14.,33.));
#729 = VECTOR('',#730,1.);
#730 = DIRECTION('',(0.,0.,1.));
#731 = PLANE('',#732);
#732 = AXIS2_PLACEMENT_3D('',#733,#734,#735);
#733 = CARTESIAN_POINT('',(-24.,14.,33.));
#734 = DIRECTION('',(-0.,1.,0.));
#735 = DIRECTION('',(0.,0.,1.));
#736 = ADVANCED_FACE('',(#737,#748,#759,#770,#781),#792,.F.);
#737 = FACE_BOUND('',#738,.F.);
#738 = EDGE_LOOP('',(#739,#740,#741,#747));
#739 = ORIENTED_EDGE('',*,*,#587,.F.);
#740 = ORIENTED_EDGE('',*,*,#617,.T.);
#741 = ORIENTED_EDGE('',*,*,#742,.T.);
#742 = EDGE_CURVE('',#618,#717,#743,.T.);
#743 = LINE('',#744,#745);
#744 = CARTESIAN_POINT('',(24.,-18.,33.));
#745 = VECTOR('',#746,1.);
#746 = DIRECTION('',(-0.,1.,0.));
#747 = ORIENTED_EDGE('',*,*,#716,.F.);
#748 = FACE_BOUND('',#749,.F.);
#749 = EDGE_LOOP('',(#750));
#750 = ORIENTED_EDGE('',*,*,#751,.F.);
#751 = EDGE_CURVE('',#752,#752,#754,.T.);
#752 = VERTEX_POINT('',#753);
#753 = CARTESIAN_POINT('',(-20.4,-15.5,33.));
#754 = CIRCLE('',#755,1.1);
#755 = AXIS2_PLACEMENT_3D('',#756,#757,#758);
#756 = CARTESIAN_POINT('',(-21.5,-15.5,33.));
#757 = DIRECTION('',(0.,0.,1.));
#758 = DIRECTION('',(1.,0.,-0.));
#759 = FACE_BOUND('',#760,.F.);
#760 = EDGE_LOOP('',(#761));
#761 = ORIENTED_EDGE('',*,*,#762,.F.);
#762 = EDGE_CURVE('',#763,#763,#765,.T.);
#763 = VERTEX_POINT('',#764);
#764 = CARTESIAN_POINT('',(22.6,-15.5,33.));
#765 = CIRCLE('',#766,1.1);
#766 = AXIS2_PLACEMENT_3D('',#767,#768,#769);
#767 = CARTESIAN_POINT('',(21.5,-15.5,33.));
#768 = DIRECTION('',(0.,0.,1.));
#769 = DIRECTION('',(1.,0.,-0.));
#770 = FACE_BOUND('',#771,.F.);
#771 = EDGE_LOOP('',(#772));
#772 = ORIENTED_EDGE('',*,*,#773,.F.);
#773 = EDGE_CURVE('',#774,#774,#776,.T.);
#774 = VERTEX_POINT('',#775);
#775 = CARTESIAN_POINT('',(-20.4,11.5,33.));
#776 = CIRCLE('',#777,1.1);
#777 = AXIS2_PLACEMENT_3D('',#778,#779,#780);
#778 = CARTESIAN_POINT('',(-21.5,11.5,33.));
#779 = DIRECTION('',(0.,0.,1.));
#780 = DIRECTION('',(1.,0.,-0.));
#781 = FACE_BOUND('',#782,.F.);
#782 = EDGE_LOOP('',(#783));
#783 = ORIENTED_EDGE('',*,*,#784,.F.);
#784 = EDGE_CURVE('',#785,#785,#787,.T.);
#785 = VERTEX_POINT('',#786);
#786 = CARTESIAN_POINT('',(22.6,11.5,33.));
#787 = CIRCLE('',#788,1.1);
#788 = AXIS2_PLACEMENT_3D('',#789,#790,#791);
#789 = CARTESIAN_POINT('',(21.5,11.5,33.));
#790 = DIRECTION('',(0.,0.,1.));
#791 = DIRECTION('',(1.,0.,-0.));
#792 = PLANE('',#793);
#793 = AXIS2_PLACEMENT_3D('',#794,#795,#796);
#794 = CARTESIAN_POINT('',(-24.,-18.,33.));
#795 = DIRECTION('',(0.,0.,1.));
#796 = DIRECTION('',(1.,0.,-0.));
#797 = ADVANCED_FACE('',(#798),#804,.T.);
#798 = FACE_BOUND('',#799,.T.);
#799 = EDGE_LOOP('',(#800,#801,#802,#803));
#800 = ORIENTED_EDGE('',*,*,#634,.F.);
#801 = ORIENTED_EDGE('',*,*,#742,.T.);
#802 = ORIENTED_EDGE('',*,*,#726,.T.);
#803 = ORIENTED_EDGE('',*,*,#650,.F.);
#804 = PLANE('',#805);
#805 = AXIS2_PLACEMENT_3D('',#806,#807,#808);
#806 = CARTESIAN_POINT('',(24.,-18.,33.));
#807 = DIRECTION('',(1.,0.,-0.));
#808 = DIRECTION('',(0.,0.,1.));
#809 = ADVANCED_FACE('',(#810),#821,.F.);
#810 = FACE_BOUND('',#811,.F.);
#811 = EDGE_LOOP('',(#812,#813,#819,#820));
#812 = ORIENTED_EDGE('',*,*,#666,.F.);
#813 = ORIENTED_EDGE('',*,*,#814,.F.);
#814 = EDGE_CURVE('',#752,#667,#815,.T.);
#815 = LINE('',#816,#817);
#816 = CARTESIAN_POINT('',(-20.4,-15.5,32.));
#817 = VECTOR('',#818,1.);
#818 = DIRECTION('',(0.,0.,1.));
#819 = ORIENTED_EDGE('',*,*,#751,.T.);
#820 = ORIENTED_EDGE('',*,*,#814,.T.);
#821 = CYLINDRICAL_SURFACE('',#822,1.1);
#822 = AXIS2_PLACEMENT_3D('',#823,#824,#825);
#823 = CARTESIAN_POINT('',(-21.5,-15.5,32.));
#824 = DIRECTION('',(0.,0.,1.));
#825 = DIRECTION('',(1.,0.,-0.));
#826 = ADVANCED_FACE('',(#827),#838,.F.);
#827 = FACE_BOUND('',#828,.F.);
#828 = EDGE_LOOP('',(#829,#830,#836,#837));
#829 = ORIENTED_EDGE('',*,*,#677,.F.);
#830 = ORIENTED_EDGE('',*,*,#831,.F.);
#831 = EDGE_CURVE('',#763,#678,#832,.T.);
#832 = LINE('',#833,#834);
#833 = CARTESIAN_POINT('',(22.6,-15.5,32.));
#834 = VECTOR('',#835,1.);
#835 = DIRECTION('',(0.,0.,1.));
#836 = ORIENTED_EDGE('',*,*,#762,.T.);
#837 = ORIENTED_EDGE('',*,*,#831,.T.);
#838 = CYLINDRICAL_SURFACE('',#839,1.1);
#839 = AXIS2_PLACEMENT_3D('',#840,#841,#842);
#840 = CARTESIAN_POINT('',(21.5,-15.5,32.));
#841 = DIRECTION('',(0.,0.,1.));
#842 = DIRECTION('',(1.,0.,-0.));
#843 = ADVANCED_FACE('',(#844),#855,.F.);
#844 = FACE_BOUND('',#845,.F.);
#845 = EDGE_LOOP('',(#846,#847,#853,#854));
#846 = ORIENTED_EDGE('',*,*,#688,.F.);
#847 = ORIENTED_EDGE('',*,*,#848,.F.);
#848 = EDGE_CURVE('',#774,#689,#849,.T.);
#849 = LINE('',#850,#851);
#850 = CARTESIAN_POINT('',(-20.4,11.5,32.));
#851 = VECTOR('',#852,1.);
#852 = DIRECTION('',(0.,0.,1.));
#853 = ORIENTED_EDGE('',*,*,#773,.T.);
#854 = ORIENTED_EDGE('',*,*,#848,.T.);
#855 = CYLINDRICAL_SURFACE('',#856,1.1);
#856 = AXIS2_PLACEMENT_3D('',#857,#858,#859);
#857 = CARTESIAN_POINT('',(-21.5,11.5,32.));
#858 = DIRECTION('',(0.,0.,1.));
#859 = DIRECTION('',(1.,0.,-0.));
#860 = ADVANCED_FACE('',(#861),#872,.F.);
#861 = FACE_BOUND('',#862,.F.);
#862 = EDGE_LOOP('',(#863,#864,#870,#871));
#863 = ORIENTED_EDGE('',*,*,#699,.F.);
#864 = ORIENTED_EDGE('',*,*,#865,.F.);
#865 = EDGE_CURVE('',#785,#700,#866,.T.);
#866 = LINE('',#867,#868);
#867 = CARTESIAN_POINT('',(22.6,11.5,32.));
#868 = VECTOR('',#869,1.);
#869 = DIRECTION('',(0.,0.,1.));
#870 = ORIENTED_EDGE('',*,*,#784,.T.);
#871 = ORIENTED_EDGE('',*,*,#865,.T.);
#872 = CYLINDRICAL_SURFACE('',#873,1.1);
#873 = AXIS2_PLACEMENT_3D('',#874,#875,#876);
#874 = CARTESIAN_POINT('',(21.5,11.5,32.));
#875 = DIRECTION('',(0.,0.,1.));
#876 = DIRECTION('',(1.,0.,-0.));
#877 = MANIFOLD_SOLID_BREP('',#878);
#878 = CLOSED_SHELL('',(#879,#919,#959,#981,#1003,#1015));
#879 = ADVANCED_FACE('',(#880),#914,.F.);
#880 = FACE_BOUND('',#881,.F.);
#881 = EDGE_LOOP('',(#882,#892,#900,#908));
#882 = ORIENTED_EDGE('',*,*,#883,.F.);
#883 = EDGE_CURVE('',#884,#886,#888,.T.);
#884 = VERTEX_POINT('',#885);
#885 = CARTESIAN_POINT('',(-9.,-12.,34.6));
#886 = VERTEX_POINT('',#887);
#887 = CARTESIAN_POINT('',(-9.,-12.,37.8));
#888 = LINE('',#889,#890);
#889 = CARTESIAN_POINT('',(-9.,-12.,34.6));
#890 = VECTOR('',#891,1.);
#891 = DIRECTION('',(0.,0.,1.));
#892 = ORIENTED_EDGE('',*,*,#893,.T.);
#893 = EDGE_CURVE('',#884,#894,#896,.T.);
#894 = VERTEX_POINT('',#895);
#895 = CARTESIAN_POINT('',(-9.,13.5,34.6));
#896 = LINE('',#897,#898);
#897 = CARTESIAN_POINT('',(-9.,-12.,34.6));
#898 = VECTOR('',#899,1.);
#899 = DIRECTION('',(-0.,1.,0.));
#900 = ORIENTED_EDGE('',*,*,#901,.T.);
#901 = EDGE_CURVE('',#894,#902,#904,.T.);
#902 = VERTEX_POINT('',#903);
#903 = CARTESIAN_POINT('',(-9.,13.5,37.8));
#904 = LINE('',#905,#906);
#905 = CARTESIAN_POINT('',(-9.,13.5,34.6));
#906 = VECTOR('',#907,1.);
#907 = DIRECTION('',(0.,0.,1.));
#908 = ORIENTED_EDGE('',*,*,#909,.F.);
#909 = EDGE_CURVE('',#886,#902,#910,.T.);
#910 = LINE('',#911,#912);
#911 = CARTESIAN_POINT('',(-9.,-12.,37.8));
#912 = VECTOR('',#913,1.);
#913 = DIRECTION('',(-0.,1.,0.));
#914 = PLANE('',#915);
#915 = AXIS2_PLACEMENT_3D('',#916,#917,#918);
#916 = CARTESIAN_POINT('',(-9.,-12.,34.6));
#917 = DIRECTION('',(1.,0.,-0.));
#918 = DIRECTION('',(0.,0.,1.));
#919 = ADVANCED_FACE('',(#920),#954,.T.);
#920 = FACE_BOUND('',#921,.T.);
#921 = EDGE_LOOP('',(#922,#932,#940,#948));
#922 = ORIENTED_EDGE('',*,*,#923,.F.);
#923 = EDGE_CURVE('',#924,#926,#928,.T.);
#924 = VERTEX_POINT('',#925);
#925 = CARTESIAN_POINT('',(9.,-12.,34.6));
#926 = VERTEX_POINT('',#927);
#927 = CARTESIAN_POINT('',(9.,-12.,37.8));
#928 = LINE('',#929,#930);
#929 = CARTESIAN_POINT('',(9.,-12.,34.6));
#930 = VECTOR('',#931,1.);
#931 = DIRECTION('',(0.,0.,1.));
#932 = ORIENTED_EDGE('',*,*,#933,.T.);
#933 = EDGE_CURVE('',#924,#934,#936,.T.);
#934 = VERTEX_POINT('',#935);
#935 = CARTESIAN_POINT('',(9.,13.5,34.6));
#936 = LINE('',#937,#938);
#937 = CARTESIAN_POINT('',(9.,-12.,34.6));
#938 = VECTOR('',#939,1.);
#939 = DIRECTION('',(-0.,1.,0.));
#940 = ORIENTED_EDGE('',*,*,#941,.T.);
#941 = EDGE_CURVE('',#934,#942,#944,.T.);
#942 = VERTEX_POINT('',#943);
#943 = CARTESIAN_POINT('',(9.,13.5,37.8));
#944 = LINE('',#945,#946);
#945 = CARTESIAN_POINT('',(9.,13.5,34.6));
#946 = VECTOR('',#947,1.);
#947 = DIRECTION('',(0.,0.,1.));
#948 = ORIENTED_EDGE('',*,*,#949,.F.);
#949 = EDGE_CURVE('',#926,#942,#950,.T.);
#950 = LINE('',#951,#952);
#951 = CARTESIAN_POINT('',(9.,-12.,37.8));
#952 = VECTOR('',#953,1.);
#953 = DIRECTION('',(-0.,1.,0.));
#954 = PLANE('',#955);
#955 = AXIS2_PLACEMENT_3D('',#956,#957,#958);
#956 = CARTESIAN_POINT('',(9.,-12.,34.6));
#957 = DIRECTION('',(1.,0.,-0.));
#958 = DIRECTION('',(0.,0.,1.));
#959 = ADVANCED_FACE('',(#960),#976,.F.);
#960 = FACE_BOUND('',#961,.F.);
#961 = EDGE_LOOP('',(#962,#968,#969,#975));
#962 = ORIENTED_EDGE('',*,*,#963,.F.);
#963 = EDGE_CURVE('',#884,#924,#964,.T.);
#964 = LINE('',#965,#966);
#965 = CARTESIAN_POINT('',(-9.,-12.,34.6));
#966 = VECTOR('',#967,1.);
#967 = DIRECTION('',(1.,0.,-0.));
#968 = ORIENTED_EDGE('',*,*,#883,.T.);
#969 = ORIENTED_EDGE('',*,*,#970,.T.);
#970 = EDGE_CURVE('',#886,#926,#971,.T.);
#971 = LINE('',#972,#973);
#972 = CARTESIAN_POINT('',(-9.,-12.,37.8));
#973 = VECTOR('',#974,1.);
#974 = DIRECTION('',(1.,0.,-0.));
#975 = ORIENTED_EDGE('',*,*,#923,.F.);
#976 = PLANE('',#977);
#977 = AXIS2_PLACEMENT_3D('',#978,#979,#980);
#978 = CARTESIAN_POINT('',(-9.,-12.,34.6));
#979 = DIRECTION('',(-0.,1.,0.));
#980 = DIRECTION('',(0.,0.,1.));
#981 = ADVANCED_FACE('',(#982),#998,.T.);
#982 = FACE_BOUND('',#983,.T.);
#983 = EDGE_LOOP('',(#984,#990,#991,#997));
#984 = ORIENTED_EDGE('',*,*,#985,.F.);
#985 = EDGE_CURVE('',#894,#934,#986,.T.);
#986 = LINE('',#987,#988);
#987 = CARTESIAN_POINT('',(-9.,13.5,34.6));
#988 = VECTOR('',#989,1.);
#989 = DIRECTION('',(1.,0.,-0.));
#990 = ORIENTED_EDGE('',*,*,#901,.T.);
#991 = ORIENTED_EDGE('',*,*,#992,.T.);
#992 = EDGE_CURVE('',#902,#942,#993,.T.);
#993 = LINE('',#994,#995);
#994 = CARTESIAN_POINT('',(-9.,13.5,37.8));
#995 = VECTOR('',#996,1.);
#996 = DIRECTION('',(1.,0.,-0.));
#997 = ORIENTED_EDGE('',*,*,#941,.F.);
#998 = PLANE('',#999);
#999 = AXIS2_PLACEMENT_3D('',#1000,#1001,#1002);
#1000 = CARTESIAN_POINT('',(-9.,13.5,34.6));
#1001 = DIRECTION('',(-0.,1.,0.));
#1002 = DIRECTION('',(0.,0.,1.));
#1003 = ADVANCED_FACE('',(#1004),#1010,.F.);
#1004 = FACE_BOUND('',#1005,.F.);
#1005 = EDGE_LOOP('',(#1006,#1007,#1008,#1009));
#1006 = ORIENTED_EDGE('',*,*,#893,.F.);
#1007 = ORIENTED_EDGE('',*,*,#963,.T.);
#1008 = ORIENTED_EDGE('',*,*,#933,.T.);
#1009 = ORIENTED_EDGE('',*,*,#985,.F.);
#1010 = PLANE('',#1011);
#1011 = AXIS2_PLACEMENT_3D('',#1012,#1013,#1014);
#1012 = CARTESIAN_POINT('',(-9.,-12.,34.6));
#1013 = DIRECTION('',(0.,0.,1.));
#1014 = DIRECTION('',(1.,0.,-0.));
#1015 = ADVANCED_FACE('',(#1016),#1022,.T.);
#1016 = FACE_BOUND('',#1017,.T.);
#1017 = EDGE_LOOP('',(#1018,#1019,#1020,#1021));
#1018 = ORIENTED_EDGE('',*,*,#909,.F.);
#1019 = ORIENTED_EDGE('',*,*,#970,.T.);
#1020 = ORIENTED_EDGE('',*,*,#949,.T.);
#1021 = ORIENTED_EDGE('',*,*,#992,.F.);
#1022 = PLANE('',#1023);
#1023 = AXIS2_PLACEMENT_3D('',#1024,#1025,#1026);
#1024 = CARTESIAN_POINT('',(-9.,-12.,37.8));
#1025 = DIRECTION('',(0.,0.,1.));
#1026 = DIRECTION('',(1.,0.,-0.));
#1027 = MANIFOLD_SOLID_BREP('',#1028);
#1028 = CLOSED_SHELL('',(#1029,#1069,#1109,#1131,#1153,#1165));
#1029 = ADVANCED_FACE('',(#1030),#1064,.F.);
#1030 = FACE_BOUND('',#1031,.F.);
#1031 = EDGE_LOOP('',(#1032,#1042,#1050,#1058));
#1032 = ORIENTED_EDGE('',*,*,#1033,.F.);
#1033 = EDGE_CURVE('',#1034,#1036,#1038,.T.);
#1034 = VERTEX_POINT('',#1035);
#1035 = CARTESIAN_POINT('',(-21.,-2.,34.6));
#1036 = VERTEX_POINT('',#1037);
#1037 = CARTESIAN_POINT('',(-21.,-2.,35.8));
#1038 = LINE('',#1039,#1040);
#1039 = CARTESIAN_POINT('',(-21.,-2.,34.6));
#1040 = VECTOR('',#1041,1.);
#1041 = DIRECTION('',(0.,0.,1.));
#1042 = ORIENTED_EDGE('',*,*,#1043,.T.);
#1043 = EDGE_CURVE('',#1034,#1044,#1046,.T.);
#1044 = VERTEX_POINT('',#1045);
#1045 = CARTESIAN_POINT('',(-21.,4.4,34.6));
#1046 = LINE('',#1047,#1048);
#1047 = CARTESIAN_POINT('',(-21.,-2.,34.6));
#1048 = VECTOR('',#1049,1.);
#1049 = DIRECTION('',(-0.,1.,0.));
#1050 = ORIENTED_EDGE('',*,*,#1051,.T.);
#1051 = EDGE_CURVE('',#1044,#1052,#1054,.T.);
#1052 = VERTEX_POINT('',#1053);
#1053 = CARTESIAN_POINT('',(-21.,4.4,35.8));
#1054 = LINE('',#1055,#1056);
#1055 = CARTESIAN_POINT('',(-21.,4.4,34.6));
#1056 = VECTOR('',#1057,1.);
#1057 = DIRECTION('',(0.,0.,1.));
#1058 = ORIENTED_EDGE('',*,*,#1059,.F.);
#1059 = EDGE_CURVE('',#1036,#1052,#1060,.T.);
#1060 = LINE('',#1061,#1062);
#1061 = CARTESIAN_POINT('',(-21.,-2.,35.8));
#1062 = VECTOR('',#1063,1.);
#1063 = DIRECTION('',(-0.,1.,0.));
#1064 = PLANE('',#1065);
#1065 = AXIS2_PLACEMENT_3D('',#1066,#1067,#1068);
#1066 = CARTESIAN_POINT('',(-21.,-2.,34.6));
#1067 = DIRECTION('',(1.,0.,-0.));
#1068 = DIRECTION('',(0.,0.,1.));
#1069 = ADVANCED_FACE('',(#1070),#1104,.T.);
#1070 = FACE_BOUND('',#1071,.T.);
#1071 = EDGE_LOOP('',(#1072,#1082,#1090,#1098));
#1072 = ORIENTED_EDGE('',*,*,#1073,.F.);
#1073 = EDGE_CURVE('',#1074,#1076,#1078,.T.);
#1074 = VERTEX_POINT('',#1075);
#1075 = CARTESIAN_POINT('',(-14.5,-2.,34.6));
#1076 = VERTEX_POINT('',#1077);
#1077 = CARTESIAN_POINT('',(-14.5,-2.,35.8));
#1078 = LINE('',#1079,#1080);
#1079 = CARTESIAN_POINT('',(-14.5,-2.,34.6));
#1080 = VECTOR('',#1081,1.);
#1081 = DIRECTION('',(0.,0.,1.));
#1082 = ORIENTED_EDGE('',*,*,#1083,.T.);
#1083 = EDGE_CURVE('',#1074,#1084,#1086,.T.);
#1084 = VERTEX_POINT('',#1085);
#1085 = CARTESIAN_POINT('',(-14.5,4.4,34.6));
#1086 = LINE('',#1087,#1088);
#1087 = CARTESIAN_POINT('',(-14.5,-2.,34.6));
#1088 = VECTOR('',#1089,1.);
#1089 = DIRECTION('',(-0.,1.,0.));
#1090 = ORIENTED_EDGE('',*,*,#1091,.T.);
#1091 = EDGE_CURVE('',#1084,#1092,#1094,.T.);
#1092 = VERTEX_POINT('',#1093);
#1093 = CARTESIAN_POINT('',(-14.5,4.4,35.8));
#1094 = LINE('',#1095,#1096);
#1095 = CARTESIAN_POINT('',(-14.5,4.4,34.6));
#1096 = VECTOR('',#1097,1.);
#1097 = DIRECTION('',(0.,0.,1.));
#1098 = ORIENTED_EDGE('',*,*,#1099,.F.);
#1099 = EDGE_CURVE('',#1076,#1092,#1100,.T.);
#1100 = LINE('',#1101,#1102);
#1101 = CARTESIAN_POINT('',(-14.5,-2.,35.8));
#1102 = VECTOR('',#1103,1.);
#1103 = DIRECTION('',(-0.,1.,0.));
#1104 = PLANE('',#1105);
#1105 = AXIS2_PLACEMENT_3D('',#1106,#1107,#1108);
#1106 = CARTESIAN_POINT('',(-14.5,-2.,34.6));
#1107 = DIRECTION('',(1.,0.,-0.));
#1108 = DIRECTION('',(0.,0.,1.));
#1109 = ADVANCED_FACE('',(#1110),#1126,.F.);
#1110 = FACE_BOUND('',#1111,.F.);
#1111 = EDGE_LOOP('',(#1112,#1118,#1119,#1125));
#1112 = ORIENTED_EDGE('',*,*,#1113,.F.);
#1113 = EDGE_CURVE('',#1034,#1074,#1114,.T.);
#1114 = LINE('',#1115,#1116);
#1115 = CARTESIAN_POINT('',(-21.,-2.,34.6));
#1116 = VECTOR('',#1117,1.);
#1117 = DIRECTION('',(1.,0.,-0.));
#1118 = ORIENTED_EDGE('',*,*,#1033,.T.);
#1119 = ORIENTED_EDGE('',*,*,#1120,.T.);
#1120 = EDGE_CURVE('',#1036,#1076,#1121,.T.);
#1121 = LINE('',#1122,#1123);
#1122 = CARTESIAN_POINT('',(-21.,-2.,35.8));
#1123 = VECTOR('',#1124,1.);
#1124 = DIRECTION('',(1.,0.,-0.));
#1125 = ORIENTED_EDGE('',*,*,#1073,.F.);
#1126 = PLANE('',#1127);
#1127 = AXIS2_PLACEMENT_3D('',#1128,#1129,#1130);
#1128 = CARTESIAN_POINT('',(-21.,-2.,34.6));
#1129 = DIRECTION('',(-0.,1.,0.));
#1130 = DIRECTION('',(0.,0.,1.));
#1131 = ADVANCED_FACE('',(#1132),#1148,.T.);
#1132 = FACE_BOUND('',#1133,.T.);
#1133 = EDGE_LOOP('',(#1134,#1140,#1141,#1147));
#1134 = ORIENTED_EDGE('',*,*,#1135,.F.);
#1135 = EDGE_CURVE('',#1044,#1084,#1136,.T.);
#1136 = LINE('',#1137,#1138);
#1137 = CARTESIAN_POINT('',(-21.,4.4,34.6));
#1138 = VECTOR('',#1139,1.);
#1139 = DIRECTION('',(1.,0.,-0.));
#1140 = ORIENTED_EDGE('',*,*,#1051,.T.);
#1141 = ORIENTED_EDGE('',*,*,#1142,.T.);
#1142 = EDGE_CURVE('',#1052,#1092,#1143,.T.);
#1143 = LINE('',#1144,#1145);
#1144 = CARTESIAN_POINT('',(-21.,4.4,35.8));
#1145 = VECTOR('',#1146,1.);
#1146 = DIRECTION('',(1.,0.,-0.));
#1147 = ORIENTED_EDGE('',*,*,#1091,.F.);
#1148 = PLANE('',#1149);
#1149 = AXIS2_PLACEMENT_3D('',#1150,#1151,#1152);
#1150 = CARTESIAN_POINT('',(-21.,4.4,34.6));
#1151 = DIRECTION('',(-0.,1.,0.));
#1152 = DIRECTION('',(0.,0.,1.));
#1153 = ADVANCED_FACE('',(#1154),#1160,.F.);
#1154 = FACE_BOUND('',#1155,.F.);
#1155 = EDGE_LOOP('',(#1156,#1157,#1158,#1159));
#1156 = ORIENTED_EDGE('',*,*,#1043,.F.);
#1157 = ORIENTED_EDGE('',*,*,#1113,.T.);
#1158 = ORIENTED_EDGE('',*,*,#1083,.T.);
#1159 = ORIENTED_EDGE('',*,*,#1135,.F.);
#1160 = PLANE('',#1161);
#1161 = AXIS2_PLACEMENT_3D('',#1162,#1163,#1164);
#1162 = CARTESIAN_POINT('',(-21.,-2.,34.6));
#1163 = DIRECTION('',(0.,0.,1.));
#1164 = DIRECTION('',(1.,0.,-0.));
#1165 = ADVANCED_FACE('',(#1166),#1172,.T.);
#1166 = FACE_BOUND('',#1167,.T.);
#1167 = EDGE_LOOP('',(#1168,#1169,#1170,#1171));
#1168 = ORIENTED_EDGE('',*,*,#1059,.F.);
#1169 = ORIENTED_EDGE('',*,*,#1120,.T.);
#1170 = ORIENTED_EDGE('',*,*,#1099,.T.);
#1171 = ORIENTED_EDGE('',*,*,#1142,.F.);
#1172 = PLANE('',#1173);
#1173 = AXIS2_PLACEMENT_3D('',#1174,#1175,#1176);
#1174 = CARTESIAN_POINT('',(-21.,-2.,35.8));
#1175 = DIRECTION('',(0.,0.,1.));
#1176 = DIRECTION('',(1.,0.,-0.));
#1177 = MANIFOLD_SOLID_BREP('',#1178);
#1178 = CLOSED_SHELL('',(#1179,#1219,#1259,#1281,#1303,#1315));
#1179 = ADVANCED_FACE('',(#1180),#1214,.F.);
#1180 = FACE_BOUND('',#1181,.F.);
#1181 = EDGE_LOOP('',(#1182,#1192,#1200,#1208));
#1182 = ORIENTED_EDGE('',*,*,#1183,.F.);
#1183 = EDGE_CURVE('',#1184,#1186,#1188,.T.);
#1184 = VERTEX_POINT('',#1185);
#1185 = CARTESIAN_POINT('',(14.,-14.,34.6));
#1186 = VERTEX_POINT('',#1187);
#1187 = CARTESIAN_POINT('',(14.,-14.,35.6));
#1188 = LINE('',#1189,#1190);
#1189 = CARTESIAN_POINT('',(14.,-14.,34.6));
#1190 = VECTOR('',#1191,1.);
#1191 = DIRECTION('',(0.,0.,1.));
#1192 = ORIENTED_EDGE('',*,*,#1193,.T.);
#1193 = EDGE_CURVE('',#1184,#1194,#1196,.T.);
#1194 = VERTEX_POINT('',#1195);
#1195 = CARTESIAN_POINT('',(14.,-10.,34.6));
#1196 = LINE('',#1197,#1198);
#1197 = CARTESIAN_POINT('',(14.,-14.,34.6));
#1198 = VECTOR('',#1199,1.);
#1199 = DIRECTION('',(-0.,1.,0.));
#1200 = ORIENTED_EDGE('',*,*,#1201,.T.);
#1201 = EDGE_CURVE('',#1194,#1202,#1204,.T.);
#1202 = VERTEX_POINT('',#1203);
#1203 = CARTESIAN_POINT('',(14.,-10.,35.6));
#1204 = LINE('',#1205,#1206);
#1205 = CARTESIAN_POINT('',(14.,-10.,34.6));
#1206 = VECTOR('',#1207,1.);
#1207 = DIRECTION('',(0.,0.,1.));
#1208 = ORIENTED_EDGE('',*,*,#1209,.F.);
#1209 = EDGE_CURVE('',#1186,#1202,#1210,.T.);
#1210 = LINE('',#1211,#1212);
#1211 = CARTESIAN_POINT('',(14.,-14.,35.6));
#1212 = VECTOR('',#1213,1.);
#1213 = DIRECTION('',(-0.,1.,0.));
#1214 = PLANE('',#1215);
#1215 = AXIS2_PLACEMENT_3D('',#1216,#1217,#1218);
#1216 = CARTESIAN_POINT('',(14.,-14.,34.6));
#1217 = DIRECTION('',(1.,0.,-0.));
#1218 = DIRECTION('',(0.,0.,1.));
#1219 = ADVANCED_FACE('',(#1220),#1254,.T.);
#1220 = FACE_BOUND('',#1221,.T.);
#1221 = EDGE_LOOP('',(#1222,#1232,#1240,#1248));
#1222 = ORIENTED_EDGE('',*,*,#1223,.F.);
#1223 = EDGE_CURVE('',#1224,#1226,#1228,.T.);
#1224 = VERTEX_POINT('',#1225);
#1225 = CARTESIAN_POINT('',(18.,-14.,34.6));
#1226 = VERTEX_POINT('',#1227);
#1227 = CARTESIAN_POINT('',(18.,-14.,35.6));
#1228 = LINE('',#1229,#1230);
#1229 = CARTESIAN_POINT('',(18.,-14.,34.6));
#1230 = VECTOR('',#1231,1.);
#1231 = DIRECTION('',(0.,0.,1.));
#1232 = ORIENTED_EDGE('',*,*,#1233,.T.);
#1233 = EDGE_CURVE('',#1224,#1234,#1236,.T.);
#1234 = VERTEX_POINT('',#1235);
#1235 = CARTESIAN_POINT('',(18.,-10.,34.6));
#1236 = LINE('',#1237,#1238);
#1237 = CARTESIAN_POINT('',(18.,-14.,34.6));
#1238 = VECTOR('',#1239,1.);
#1239 = DIRECTION('',(-0.,1.,0.));
#1240 = ORIENTED_EDGE('',*,*,#1241,.T.);
#1241 = EDGE_CURVE('',#1234,#1242,#1244,.T.);
#1242 = VERTEX_POINT('',#1243);
#1243 = CARTESIAN_POINT('',(18.,-10.,35.6));
#1244 = LINE('',#1245,#1246);
#1245 = CARTESIAN_POINT('',(18.,-10.,34.6));
#1246 = VECTOR('',#1247,1.);
#1247 = DIRECTION('',(0.,0.,1.));
#1248 = ORIENTED_EDGE('',*,*,#1249,.F.);
#1249 = EDGE_CURVE('',#1226,#1242,#1250,.T.);
#1250 = LINE('',#1251,#1252);
#1251 = CARTESIAN_POINT('',(18.,-14.,35.6));
#1252 = VECTOR('',#1253,1.);
#1253 = DIRECTION('',(-0.,1.,0.));
#1254 = PLANE('',#1255);
#1255 = AXIS2_PLACEMENT_3D('',#1256,#1257,#1258);
#1256 = CARTESIAN_POINT('',(18.,-14.,34.6));
#1257 = DIRECTION('',(1.,0.,-0.));
#1258 = DIRECTION('',(0.,0.,1.));
#1259 = ADVANCED_FACE('',(#1260),#1276,.F.);
#1260 = FACE_BOUND('',#1261,.F.);
#1261 = EDGE_LOOP('',(#1262,#1268,#1269,#1275));
#1262 = ORIENTED_EDGE('',*,*,#1263,.F.);
#1263 = EDGE_CURVE('',#1184,#1224,#1264,.T.);
#1264 = LINE('',#1265,#1266);
#1265 = CARTESIAN_POINT('',(14.,-14.,34.6));
#1266 = VECTOR('',#1267,1.);
#1267 = DIRECTION('',(1.,0.,-0.));
#1268 = ORIENTED_EDGE('',*,*,#1183,.T.);
#1269 = ORIENTED_EDGE('',*,*,#1270,.T.);
#1270 = EDGE_CURVE('',#1186,#1226,#1271,.T.);
#1271 = LINE('',#1272,#1273);
#1272 = CARTESIAN_POINT('',(14.,-14.,35.6));
#1273 = VECTOR('',#1274,1.);
#1274 = DIRECTION('',(1.,0.,-0.));
#1275 = ORIENTED_EDGE('',*,*,#1223,.F.);
#1276 = PLANE('',#1277);
#1277 = AXIS2_PLACEMENT_3D('',#1278,#1279,#1280);
#1278 = CARTESIAN_POINT('',(14.,-14.,34.6));
#1279 = DIRECTION('',(-0.,1.,0.));
#1280 = DIRECTION('',(0.,0.,1.));
#1281 = ADVANCED_FACE('',(#1282),#1298,.T.);
#1282 = FACE_BOUND('',#1283,.T.);
#1283 = EDGE_LOOP('',(#1284,#1290,#1291,#1297));
#1284 = ORIENTED_EDGE('',*,*,#1285,.F.);
#1285 = EDGE_CURVE('',#1194,#1234,#1286,.T.);
#1286 = LINE('',#1287,#1288);
#1287 = CARTESIAN_POINT('',(14.,-10.,34.6));
#1288 = VECTOR('',#1289,1.);
#1289 = DIRECTION('',(1.,0.,-0.));
#1290 = ORIENTED_EDGE('',*,*,#1201,.T.);
#1291 = ORIENTED_EDGE('',*,*,#1292,.T.);
#1292 = EDGE_CURVE('',#1202,#1242,#1293,.T.);
#1293 = LINE('',#1294,#1295);
#1294 = CARTESIAN_POINT('',(14.,-10.,35.6));
#1295 = VECTOR('',#1296,1.);
#1296 = DIRECTION('',(1.,0.,-0.));
#1297 = ORIENTED_EDGE('',*,*,#1241,.F.);
#1298 = PLANE('',#1299);
#1299 = AXIS2_PLACEMENT_3D('',#1300,#1301,#1302);
#1300 = CARTESIAN_POINT('',(14.,-10.,34.6));
#1301 = DIRECTION('',(-0.,1.,0.));
#1302 = DIRECTION('',(0.,0.,1.));
#1303 = ADVANCED_FACE('',(#1304),#1310,.F.);
#1304 = FACE_BOUND('',#1305,.F.);
#1305 = EDGE_LOOP('',(#1306,#1307,#1308,#1309));
#1306 = ORIENTED_EDGE('',*,*,#1193,.F.);
#1307 = ORIENTED_EDGE('',*,*,#1263,.T.);
#1308 = ORIENTED_EDGE('',*,*,#1233,.T.);
#1309 = ORIENTED_EDGE('',*,*,#1285,.F.);
#1310 = PLANE('',#1311);
#1311 = AXIS2_PLACEMENT_3D('',#1312,#1313,#1314);
#1312 = CARTESIAN_POINT('',(14.,-14.,34.6));
#1313 = DIRECTION('',(0.,0.,1.));
#1314 = DIRECTION('',(1.,0.,-0.));
#1315 = ADVANCED_FACE('',(#1316),#1322,.T.);
#1316 = FACE_BOUND('',#1317,.T.);
#1317 = EDGE_LOOP('',(#1318,#1319,#1320,#1321));
#1318 = ORIENTED_EDGE('',*,*,#1209,.F.);
#1319 = ORIENTED_EDGE('',*,*,#1270,.T.);
#1320 = ORIENTED_EDGE('',*,*,#1249,.T.);
#1321 = ORIENTED_EDGE('',*,*,#1292,.F.);
#1322 = PLANE('',#1323);
#1323 = AXIS2_PLACEMENT_3D('',#1324,#1325,#1326);
#1324 = CARTESIAN_POINT('',(14.,-14.,35.6));
#1325 = DIRECTION('',(0.,0.,1.));
#1326 = DIRECTION('',(1.,0.,-0.));
#1327 = MANIFOLD_SOLID_BREP('',#1328);
#1328 = CLOSED_SHELL('',(#1329,#1369,#1409,#1431,#1453,#1465));
#1329 = ADVANCED_FACE('',(#1330),#1364,.F.);
#1330 = FACE_BOUND('',#1331,.F.);
#1331 = EDGE_LOOP('',(#1332,#1342,#1350,#1358));
#1332 = ORIENTED_EDGE('',*,*,#1333,.F.);
#1333 = EDGE_CURVE('',#1334,#1336,#1338,.T.);
#1334 = VERTEX_POINT('',#1335);
#1335 = CARTESIAN_POINT('',(12.,2.,34.6));
#1336 = VERTEX_POINT('',#1337);
#1337 = CARTESIAN_POINT('',(12.,2.,35.5));
#1338 = LINE('',#1339,#1340);
#1339 = CARTESIAN_POINT('',(12.,2.,34.6));
#1340 = VECTOR('',#1341,1.);
#1341 = DIRECTION('',(0.,0.,1.));
#1342 = ORIENTED_EDGE('',*,*,#1343,.T.);
#1343 = EDGE_CURVE('',#1334,#1344,#1346,.T.);
#1344 = VERTEX_POINT('',#1345);
#1345 = CARTESIAN_POINT('',(12.,6.,34.6));
#1346 = LINE('',#1347,#1348);
#1347 = CARTESIAN_POINT('',(12.,2.,34.6));
#1348 = VECTOR('',#1349,1.);
#1349 = DIRECTION('',(-0.,1.,0.));
#1350 = ORIENTED_EDGE('',*,*,#1351,.T.);
#1351 = EDGE_CURVE('',#1344,#1352,#1354,.T.);
#1352 = VERTEX_POINT('',#1353);
#1353 = CARTESIAN_POINT('',(12.,6.,35.5));
#1354 = LINE('',#1355,#1356);
#1355 = CARTESIAN_POINT('',(12.,6.,34.6));
#1356 = VECTOR('',#1357,1.);
#1357 = DIRECTION('',(0.,0.,1.));
#1358 = ORIENTED_EDGE('',*,*,#1359,.F.);
#1359 = EDGE_CURVE('',#1336,#1352,#1360,.T.);
#1360 = LINE('',#1361,#1362);
#1361 = CARTESIAN_POINT('',(12.,2.,35.5));
#1362 = VECTOR('',#1363,1.);
#1363 = DIRECTION('',(-0.,1.,0.));
#1364 = PLANE('',#1365);
#1365 = AXIS2_PLACEMENT_3D('',#1366,#1367,#1368);
#1366 = CARTESIAN_POINT('',(12.,2.,34.6));
#1367 = DIRECTION('',(1.,0.,-0.));
#1368 = DIRECTION('',(0.,0.,1.));
#1369 = ADVANCED_FACE('',(#1370),#1404,.T.);
#1370 = FACE_BOUND('',#1371,.T.);
#1371 = EDGE_LOOP('',(#1372,#1382,#1390,#1398));
#1372 = ORIENTED_EDGE('',*,*,#1373,.F.);
#1373 = EDGE_CURVE('',#1374,#1376,#1378,.T.);
#1374 = VERTEX_POINT('',#1375);
#1375 = CARTESIAN_POINT('',(16.,2.,34.6));
#1376 = VERTEX_POINT('',#1377);
#1377 = CARTESIAN_POINT('',(16.,2.,35.5));
#1378 = LINE('',#1379,#1380);
#1379 = CARTESIAN_POINT('',(16.,2.,34.6));
#1380 = VECTOR('',#1381,1.);
#1381 = DIRECTION('',(0.,0.,1.));
#1382 = ORIENTED_EDGE('',*,*,#1383,.T.);
#1383 = EDGE_CURVE('',#1374,#1384,#1386,.T.);
#1384 = VERTEX_POINT('',#1385);
#1385 = CARTESIAN_POINT('',(16.,6.,34.6));
#1386 = LINE('',#1387,#1388);
#1387 = CARTESIAN_POINT('',(16.,2.,34.6));
#1388 = VECTOR('',#1389,1.);
#1389 = DIRECTION('',(-0.,1.,0.));
#1390 = ORIENTED_EDGE('',*,*,#1391,.T.);
#1391 = EDGE_CURVE('',#1384,#1392,#1394,.T.);
#1392 = VERTEX_POINT('',#1393);
#1393 = CARTESIAN_POINT('',(16.,6.,35.5));
#1394 = LINE('',#1395,#1396);
#1395 = CARTESIAN_POINT('',(16.,6.,34.6));
#1396 = VECTOR('',#1397,1.);
#1397 = DIRECTION('',(0.,0.,1.));
#1398 = ORIENTED_EDGE('',*,*,#1399,.F.);
#1399 = EDGE_CURVE('',#1376,#1392,#1400,.T.);
#1400 = LINE('',#1401,#1402);
#1401 = CARTESIAN_POINT('',(16.,2.,35.5));
#1402 = VECTOR('',#1403,1.);
#1403 = DIRECTION('',(-0.,1.,0.));
#1404 = PLANE('',#1405);
#1405 = AXIS2_PLACEMENT_3D('',#1406,#1407,#1408);
#1406 = CARTESIAN_POINT('',(16.,2.,34.6));
#1407 = DIRECTION('',(1.,0.,-0.));
#1408 = DIRECTION('',(0.,0.,1.));
#1409 = ADVANCED_FACE('',(#1410),#1426,.F.);
#1410 = FACE_BOUND('',#1411,.F.);
#1411 = EDGE_LOOP('',(#1412,#1418,#1419,#1425));
#1412 = ORIENTED_EDGE('',*,*,#1413,.F.);
#1413 = EDGE_CURVE('',#1334,#1374,#1414,.T.);
#1414 = LINE('',#1415,#1416);
#1415 = CARTESIAN_POINT('',(12.,2.,34.6));
#1416 = VECTOR('',#1417,1.);
#1417 = DIRECTION('',(1.,0.,-0.));
#1418 = ORIENTED_EDGE('',*,*,#1333,.T.);
#1419 = ORIENTED_EDGE('',*,*,#1420,.T.);
#1420 = EDGE_CURVE('',#1336,#1376,#1421,.T.);
#1421 = LINE('',#1422,#1423);
#1422 = CARTESIAN_POINT('',(12.,2.,35.5));
#1423 = VECTOR('',#1424,1.);
#1424 = DIRECTION('',(1.,0.,-0.));
#1425 = ORIENTED_EDGE('',*,*,#1373,.F.);
#1426 = PLANE('',#1427);
#1427 = AXIS2_PLACEMENT_3D('',#1428,#1429,#1430);
#1428 = CARTESIAN_POINT('',(12.,2.,34.6));
#1429 = DIRECTION('',(-0.,1.,0.));
#1430 = DIRECTION('',(0.,0.,1.));
#1431 = ADVANCED_FACE('',(#1432),#1448,.T.);
#1432 = FACE_BOUND('',#1433,.T.);
#1433 = EDGE_LOOP('',(#1434,#1440,#1441,#1447));
#1434 = ORIENTED_EDGE('',*,*,#1435,.F.);
#1435 = EDGE_CURVE('',#1344,#1384,#1436,.T.);
#1436 = LINE('',#1437,#1438);
#1437 = CARTESIAN_POINT('',(12.,6.,34.6));
#1438 = VECTOR('',#1439,1.);
#1439 = DIRECTION('',(1.,0.,-0.));
#1440 = ORIENTED_EDGE('',*,*,#1351,.T.);
#1441 = ORIENTED_EDGE('',*,*,#1442,.T.);
#1442 = EDGE_CURVE('',#1352,#1392,#1443,.T.);
#1443 = LINE('',#1444,#1445);
#1444 = CARTESIAN_POINT('',(12.,6.,35.5));
#1445 = VECTOR('',#1446,1.);
#1446 = DIRECTION('',(1.,0.,-0.));
#1447 = ORIENTED_EDGE('',*,*,#1391,.F.);
#1448 = PLANE('',#1449);
#1449 = AXIS2_PLACEMENT_3D('',#1450,#1451,#1452);
#1450 = CARTESIAN_POINT('',(12.,6.,34.6));
#1451 = DIRECTION('',(-0.,1.,0.));
#1452 = DIRECTION('',(0.,0.,1.));
#1453 = ADVANCED_FACE('',(#1454),#1460,.F.);
#1454 = FACE_BOUND('',#1455,.F.);
#1455 = EDGE_LOOP('',(#1456,#1457,#1458,#1459));
#1456 = ORIENTED_EDGE('',*,*,#1343,.F.);
#1457 = ORIENTED_EDGE('',*,*,#1413,.T.);
#1458 = ORIENTED_EDGE('',*,*,#1383,.T.);
#1459 = ORIENTED_EDGE('',*,*,#1435,.F.);
#1460 = PLANE('',#1461);
#1461 = AXIS2_PLACEMENT_3D('',#1462,#1463,#1464);
#1462 = CARTESIAN_POINT('',(12.,2.,34.6));
#1463 = DIRECTION('',(0.,0.,1.));
#1464 = DIRECTION('',(1.,0.,-0.));
#1465 = ADVANCED_FACE('',(#1466),#1472,.T.);
#1466 = FACE_BOUND('',#1467,.T.);
#1467 = EDGE_LOOP('',(#1468,#1469,#1470,#1471));
#1468 = ORIENTED_EDGE('',*,*,#1359,.F.);
#1469 = ORIENTED_EDGE('',*,*,#1420,.T.);
#1470 = ORIENTED_EDGE('',*,*,#1399,.T.);
#1471 = ORIENTED_EDGE('',*,*,#1442,.F.);
#1472 = PLANE('',#1473);
#1473 = AXIS2_PLACEMENT_3D('',#1474,#1475,#1476);
#1474 = CARTESIAN_POINT('',(12.,2.,35.5));
#1475 = DIRECTION('',(0.,0.,1.));
#1476 = DIRECTION('',(1.,0.,-0.));
#1477 = MANIFOLD_SOLID_BREP('',#1478);
#1478 = CLOSED_SHELL('',(#1479,#1519,#1559,#1581,#1603,#1615));
#1479 = ADVANCED_FACE('',(#1480),#1514,.F.);
#1480 = FACE_BOUND('',#1481,.F.);
#1481 = EDGE_LOOP('',(#1482,#1492,#1500,#1508));
#1482 = ORIENTED_EDGE('',*,*,#1483,.F.);
#1483 = EDGE_CURVE('',#1484,#1486,#1488,.T.);
#1484 = VERTEX_POINT('',#1485);
#1485 = CARTESIAN_POINT('',(-3.,-16.,34.6));
#1486 = VERTEX_POINT('',#1487);
#1487 = CARTESIAN_POINT('',(-3.,-16.,35.8));
#1488 = LINE('',#1489,#1490);
#1489 = CARTESIAN_POINT('',(-3.,-16.,34.6));
#1490 = VECTOR('',#1491,1.);
#1491 = DIRECTION('',(0.,0.,1.));
#1492 = ORIENTED_EDGE('',*,*,#1493,.T.);
#1493 = EDGE_CURVE('',#1484,#1494,#1496,.T.);
#1494 = VERTEX_POINT('',#1495);
#1495 = CARTESIAN_POINT('',(-3.,-11.,34.6));
#1496 = LINE('',#1497,#1498);
#1497 = CARTESIAN_POINT('',(-3.,-16.,34.6));
#1498 = VECTOR('',#1499,1.);
#1499 = DIRECTION('',(-0.,1.,0.));
#1500 = ORIENTED_EDGE('',*,*,#1501,.T.);
#1501 = EDGE_CURVE('',#1494,#1502,#1504,.T.);
#1502 = VERTEX_POINT('',#1503);
#1503 = CARTESIAN_POINT('',(-3.,-11.,35.8));
#1504 = LINE('',#1505,#1506);
#1505 = CARTESIAN_POINT('',(-3.,-11.,34.6));
#1506 = VECTOR('',#1507,1.);
#1507 = DIRECTION('',(0.,0.,1.));
#1508 = ORIENTED_EDGE('',*,*,#1509,.F.);
#1509 = EDGE_CURVE('',#1486,#1502,#1510,.T.);
#1510 = LINE('',#1511,#1512);
#1511 = CARTESIAN_POINT('',(-3.,-16.,35.8));
#1512 = VECTOR('',#1513,1.);
#1513 = DIRECTION('',(-0.,1.,0.));
#1514 = PLANE('',#1515);
#1515 = AXIS2_PLACEMENT_3D('',#1516,#1517,#1518);
#1516 = CARTESIAN_POINT('',(-3.,-16.,34.6));
#1517 = DIRECTION('',(1.,0.,-0.));
#1518 = DIRECTION('',(0.,0.,1.));
#1519 = ADVANCED_FACE('',(#1520),#1554,.T.);
#1520 = FACE_BOUND('',#1521,.T.);
#1521 = EDGE_LOOP('',(#1522,#1532,#1540,#1548));
#1522 = ORIENTED_EDGE('',*,*,#1523,.F.);
#1523 = EDGE_CURVE('',#1524,#1526,#1528,.T.);
#1524 = VERTEX_POINT('',#1525);
#1525 = CARTESIAN_POINT('',(2.,-16.,34.6));
#1526 = VERTEX_POINT('',#1527);
#1527 = CARTESIAN_POINT('',(2.,-16.,35.8));
#1528 = LINE('',#1529,#1530);
#1529 = CARTESIAN_POINT('',(2.,-16.,34.6));
#1530 = VECTOR('',#1531,1.);
#1531 = DIRECTION('',(0.,0.,1.));
#1532 = ORIENTED_EDGE('',*,*,#1533,.T.);
#1533 = EDGE_CURVE('',#1524,#1534,#1536,.T.);
#1534 = VERTEX_POINT('',#1535);
#1535 = CARTESIAN_POINT('',(2.,-11.,34.6));
#1536 = LINE('',#1537,#1538);
#1537 = CARTESIAN_POINT('',(2.,-16.,34.6));
#1538 = VECTOR('',#1539,1.);
#1539 = DIRECTION('',(-0.,1.,0.));
#1540 = ORIENTED_EDGE('',*,*,#1541,.T.);
#1541 = EDGE_CURVE('',#1534,#1542,#1544,.T.);
#1542 = VERTEX_POINT('',#1543);
#1543 = CARTESIAN_POINT('',(2.,-11.,35.8));
#1544 = LINE('',#1545,#1546);
#1545 = CARTESIAN_POINT('',(2.,-11.,34.6));
#1546 = VECTOR('',#1547,1.);
#1547 = DIRECTION('',(0.,0.,1.));
#1548 = ORIENTED_EDGE('',*,*,#1549,.F.);
#1549 = EDGE_CURVE('',#1526,#1542,#1550,.T.);
#1550 = LINE('',#1551,#1552);
#1551 = CARTESIAN_POINT('',(2.,-16.,35.8));
#1552 = VECTOR('',#1553,1.);
#1553 = DIRECTION('',(-0.,1.,0.));
#1554 = PLANE('',#1555);
#1555 = AXIS2_PLACEMENT_3D('',#1556,#1557,#1558);
#1556 = CARTESIAN_POINT('',(2.,-16.,34.6));
#1557 = DIRECTION('',(1.,0.,-0.));
#1558 = DIRECTION('',(0.,0.,1.));
#1559 = ADVANCED_FACE('',(#1560),#1576,.F.);
#1560 = FACE_BOUND('',#1561,.F.);
#1561 = EDGE_LOOP('',(#1562,#1568,#1569,#1575));
#1562 = ORIENTED_EDGE('',*,*,#1563,.F.);
#1563 = EDGE_CURVE('',#1484,#1524,#1564,.T.);
#1564 = LINE('',#1565,#1566);
#1565 = CARTESIAN_POINT('',(-3.,-16.,34.6));
#1566 = VECTOR('',#1567,1.);
#1567 = DIRECTION('',(1.,0.,-0.));
#1568 = ORIENTED_EDGE('',*,*,#1483,.T.);
#1569 = ORIENTED_EDGE('',*,*,#1570,.T.);
#1570 = EDGE_CURVE('',#1486,#1526,#1571,.T.);
#1571 = LINE('',#1572,#1573);
#1572 = CARTESIAN_POINT('',(-3.,-16.,35.8));
#1573 = VECTOR('',#1574,1.);
#1574 = DIRECTION('',(1.,0.,-0.));
#1575 = ORIENTED_EDGE('',*,*,#1523,.F.);
#1576 = PLANE('',#1577);
#1577 = AXIS2_PLACEMENT_3D('',#1578,#1579,#1580);
#1578 = CARTESIAN_POINT('',(-3.,-16.,34.6));
#1579 = DIRECTION('',(-0.,1.,0.));
#1580 = DIRECTION('',(0.,0.,1.));
#1581 = ADVANCED_FACE('',(#1582),#1598,.T.);
#1582 = FACE_BOUND('',#1583,.T.);
#1583 = EDGE_LOOP('',(#1584,#1590,#1591,#1597));
#1584 = ORIENTED_EDGE('',*,*,#1585,.F.);
#1585 = EDGE_CURVE('',#1494,#1534,#1586,.T.);
#1586 = LINE('',#1587,#1588);
#1587 = CARTESIAN_POINT('',(-3.,-11.,34.6));
#1588 = VECTOR('',#1589,1.);
#1589 = DIRECTION('',(1.,0.,-0.));
#1590 = ORIENTED_EDGE('',*,*,#1501,.T.);
#1591 = ORIENTED_EDGE('',*,*,#1592,.T.);
#1592 = EDGE_CURVE('',#1502,#1542,#1593,.T.);
#1593 = LINE('',#1594,#1595);
#1594 = CARTESIAN_POINT('',(-3.,-11.,35.8));
#1595 = VECTOR('',#1596,1.);
#1596 = DIRECTION('',(1.,0.,-0.));
#1597 = ORIENTED_EDGE('',*,*,#1541,.F.);
#1598 = PLANE('',#1599);
#1599 = AXIS2_PLACEMENT_3D('',#1600,#1601,#1602);
#1600 = CARTESIAN_POINT('',(-3.,-11.,34.6));
#1601 = DIRECTION('',(-0.,1.,0.));
#1602 = DIRECTION('',(0.,0.,1.));
#1603 = ADVANCED_FACE('',(#1604),#1610,.F.);
#1604 = FACE_BOUND('',#1605,.F.);
#1605 = EDGE_LOOP('',(#1606,#1607,#1608,#1609));
#1606 = ORIENTED_EDGE('',*,*,#1493,.F.);
#1607 = ORIENTED_EDGE('',*,*,#1563,.T.);
#1608 = ORIENTED_EDGE('',*,*,#1533,.T.);
#1609 = ORIENTED_EDGE('',*,*,#1585,.F.);
#1610 = PLANE('',#1611);
#1611 = AXIS2_PLACEMENT_3D('',#1612,#1613,#1614);
#1612 = CARTESIAN_POINT('',(-3.,-16.,34.6));
#1613 = DIRECTION('',(0.,0.,1.));
#1614 = DIRECTION('',(1.,0.,-0.));
#1615 = ADVANCED_FACE('',(#1616),#1622,.T.);
#1616 = FACE_BOUND('',#1617,.T.);
#1617 = EDGE_LOOP('',(#1618,#1619,#1620,#1621));
#1618 = ORIENTED_EDGE('',*,*,#1509,.F.);
#1619 = ORIENTED_EDGE('',*,*,#1570,.T.);
#1620 = ORIENTED_EDGE('',*,*,#1549,.T.);
#1621 = ORIENTED_EDGE('',*,*,#1592,.F.);
#1622 = PLANE('',#1623);
#1623 = AXIS2_PLACEMENT_3D('',#1624,#1625,#1626);
#1624 = CARTESIAN_POINT('',(-3.,-16.,35.8));
#1625 = DIRECTION('',(0.,0.,1.));
#1626 = DIRECTION('',(1.,0.,-0.));
#1627 = MANIFOLD_SOLID_BREP('',#1628);
#1628 = CLOSED_SHELL('',(#1629,#1669,#1709,#1731,#1753,#1765));
#1629 = ADVANCED_FACE('',(#1630),#1664,.F.);
#1630 = FACE_BOUND('',#1631,.F.);
#1631 = EDGE_LOOP('',(#1632,#1642,#1650,#1658));
#1632 = ORIENTED_EDGE('',*,*,#1633,.F.);
#1633 = EDGE_CURVE('',#1634,#1636,#1638,.T.);
#1634 = VERTEX_POINT('',#1635);
#1635 = CARTESIAN_POINT('',(-4.5,-20.,34.6));
#1636 = VERTEX_POINT('',#1637);
#1637 = CARTESIAN_POINT('',(-4.5,-20.,37.8));
#1638 = LINE('',#1639,#1640);
#1639 = CARTESIAN_POINT('',(-4.5,-20.,34.6));
#1640 = VECTOR('',#1641,1.);
#1641 = DIRECTION('',(0.,0.,1.));
#1642 = ORIENTED_EDGE('',*,*,#1643,.T.);
#1643 = EDGE_CURVE('',#1634,#1644,#1646,.T.);
#1644 = VERTEX_POINT('',#1645);
#1645 = CARTESIAN_POINT('',(-4.5,-12.5,34.6));
#1646 = LINE('',#1647,#1648);
#1647 = CARTESIAN_POINT('',(-4.5,-20.,34.6));
#1648 = VECTOR('',#1649,1.);
#1649 = DIRECTION('',(-0.,1.,0.));
#1650 = ORIENTED_EDGE('',*,*,#1651,.T.);
#1651 = EDGE_CURVE('',#1644,#1652,#1654,.T.);
#1652 = VERTEX_POINT('',#1653);
#1653 = CARTESIAN_POINT('',(-4.5,-12.5,37.8));
#1654 = LINE('',#1655,#1656);
#1655 = CARTESIAN_POINT('',(-4.5,-12.5,34.6));
#1656 = VECTOR('',#1657,1.);
#1657 = DIRECTION('',(0.,0.,1.));
#1658 = ORIENTED_EDGE('',*,*,#1659,.F.);
#1659 = EDGE_CURVE('',#1636,#1652,#1660,.T.);
#1660 = LINE('',#1661,#1662);
#1661 = CARTESIAN_POINT('',(-4.5,-20.,37.8));
#1662 = VECTOR('',#1663,1.);
#1663 = DIRECTION('',(-0.,1.,0.));
#1664 = PLANE('',#1665);
#1665 = AXIS2_PLACEMENT_3D('',#1666,#1667,#1668);
#1666 = CARTESIAN_POINT('',(-4.5,-20.,34.6));
#1667 = DIRECTION('',(1.,0.,-0.));
#1668 = DIRECTION('',(0.,0.,1.));
#1669 = ADVANCED_FACE('',(#1670),#1704,.T.);
#1670 = FACE_BOUND('',#1671,.T.);
#1671 = EDGE_LOOP('',(#1672,#1682,#1690,#1698));
#1672 = ORIENTED_EDGE('',*,*,#1673,.F.);
#1673 = EDGE_CURVE('',#1674,#1676,#1678,.T.);
#1674 = VERTEX_POINT('',#1675);
#1675 = CARTESIAN_POINT('',(4.5,-20.,34.6));
#1676 = VERTEX_POINT('',#1677);
#1677 = CARTESIAN_POINT('',(4.5,-20.,37.8));
#1678 = LINE('',#1679,#1680);
#1679 = CARTESIAN_POINT('',(4.5,-20.,34.6));
#1680 = VECTOR('',#1681,1.);
#1681 = DIRECTION('',(0.,0.,1.));
#1682 = ORIENTED_EDGE('',*,*,#1683,.T.);
#1683 = EDGE_CURVE('',#1674,#1684,#1686,.T.);
#1684 = VERTEX_POINT('',#1685);
#1685 = CARTESIAN_POINT('',(4.5,-12.5,34.6));
#1686 = LINE('',#1687,#1688);
#1687 = CARTESIAN_POINT('',(4.5,-20.,34.6));
#1688 = VECTOR('',#1689,1.);
#1689 = DIRECTION('',(-0.,1.,0.));
#1690 = ORIENTED_EDGE('',*,*,#1691,.T.);
#1691 = EDGE_CURVE('',#1684,#1692,#1694,.T.);
#1692 = VERTEX_POINT('',#1693);
#1693 = CARTESIAN_POINT('',(4.5,-12.5,37.8));
#1694 = LINE('',#1695,#1696);
#1695 = CARTESIAN_POINT('',(4.5,-12.5,34.6));
#1696 = VECTOR('',#1697,1.);
#1697 = DIRECTION('',(0.,0.,1.));
#1698 = ORIENTED_EDGE('',*,*,#1699,.F.);
#1699 = EDGE_CURVE('',#1676,#1692,#1700,.T.);
#1700 = LINE('',#1701,#1702);
#1701 = CARTESIAN_POINT('',(4.5,-20.,37.8));
#1702 = VECTOR('',#1703,1.);
#1703 = DIRECTION('',(-0.,1.,0.));
#1704 = PLANE('',#1705);
#1705 = AXIS2_PLACEMENT_3D('',#1706,#1707,#1708);
#1706 = CARTESIAN_POINT('',(4.5,-20.,34.6));
#1707 = DIRECTION('',(1.,0.,-0.));
#1708 = DIRECTION('',(0.,0.,1.));
#1709 = ADVANCED_FACE('',(#1710),#1726,.F.);
#1710 = FACE_BOUND('',#1711,.F.);
#1711 = EDGE_LOOP('',(#1712,#1718,#1719,#1725));
#1712 = ORIENTED_EDGE('',*,*,#1713,.F.);
#1713 = EDGE_CURVE('',#1634,#1674,#1714,.T.);
#1714 = LINE('',#1715,#1716);
#1715 = CARTESIAN_POINT('',(-4.5,-20.,34.6));
#1716 = VECTOR('',#1717,1.);
#1717 = DIRECTION('',(1.,0.,-0.));
#1718 = ORIENTED_EDGE('',*,*,#1633,.T.);
#1719 = ORIENTED_EDGE('',*,*,#1720,.T.);
#1720 = EDGE_CURVE('',#1636,#1676,#1721,.T.);
#1721 = LINE('',#1722,#1723);
#1722 = CARTESIAN_POINT('',(-4.5,-20.,37.8));
#1723 = VECTOR('',#1724,1.);
#1724 = DIRECTION('',(1.,0.,-0.));
#1725 = ORIENTED_EDGE('',*,*,#1673,.F.);
#1726 = PLANE('',#1727);
#1727 = AXIS2_PLACEMENT_3D('',#1728,#1729,#1730);
#1728 = CARTESIAN_POINT('',(-4.5,-20.,34.6));
#1729 = DIRECTION('',(-0.,1.,0.));
#1730 = DIRECTION('',(0.,0.,1.));
#1731 = ADVANCED_FACE('',(#1732),#1748,.T.);
#1732 = FACE_BOUND('',#1733,.T.);
#1733 = EDGE_LOOP('',(#1734,#1740,#1741,#1747));
#1734 = ORIENTED_EDGE('',*,*,#1735,.F.);
#1735 = EDGE_CURVE('',#1644,#1684,#1736,.T.);
#1736 = LINE('',#1737,#1738);
#1737 = CARTESIAN_POINT('',(-4.5,-12.5,34.6));
#1738 = VECTOR('',#1739,1.);
#1739 = DIRECTION('',(1.,0.,-0.));
#1740 = ORIENTED_EDGE('',*,*,#1651,.T.);
#1741 = ORIENTED_EDGE('',*,*,#1742,.T.);
#1742 = EDGE_CURVE('',#1652,#1692,#1743,.T.);
#1743 = LINE('',#1744,#1745);
#1744 = CARTESIAN_POINT('',(-4.5,-12.5,37.8));
#1745 = VECTOR('',#1746,1.);
#1746 = DIRECTION('',(1.,0.,-0.));
#1747 = ORIENTED_EDGE('',*,*,#1691,.F.);
#1748 = PLANE('',#1749);
#1749 = AXIS2_PLACEMENT_3D('',#1750,#1751,#1752);
#1750 = CARTESIAN_POINT('',(-4.5,-12.5,34.6));
#1751 = DIRECTION('',(-0.,1.,0.));
#1752 = DIRECTION('',(0.,0.,1.));
#1753 = ADVANCED_FACE('',(#1754),#1760,.F.);
#1754 = FACE_BOUND('',#1755,.F.);
#1755 = EDGE_LOOP('',(#1756,#1757,#1758,#1759));
#1756 = ORIENTED_EDGE('',*,*,#1643,.F.);
#1757 = ORIENTED_EDGE('',*,*,#1713,.T.);
#1758 = ORIENTED_EDGE('',*,*,#1683,.T.);
#1759 = ORIENTED_EDGE('',*,*,#1735,.F.);
#1760 = PLANE('',#1761);
#1761 = AXIS2_PLACEMENT_3D('',#1762,#1763,#1764);
#1762 = CARTESIAN_POINT('',(-4.5,-20.,34.6));
#1763 = DIRECTION('',(0.,0.,1.));
#1764 = DIRECTION('',(1.,0.,-0.));
#1765 = ADVANCED_FACE('',(#1766),#1772,.T.);
#1766 = FACE_BOUND('',#1767,.T.);
#1767 = EDGE_LOOP('',(#1768,#1769,#1770,#1771));
#1768 = ORIENTED_EDGE('',*,*,#1659,.F.);
#1769 = ORIENTED_EDGE('',*,*,#1720,.T.);
#1770 = ORIENTED_EDGE('',*,*,#1699,.T.);
#1771 = ORIENTED_EDGE('',*,*,#1742,.F.);
#1772 = PLANE('',#1773);
#1773 = AXIS2_PLACEMENT_3D('',#1774,#1775,#1776);
#1774 = CARTESIAN_POINT('',(-4.5,-20.,37.8));
#1775 = DIRECTION('',(0.,0.,1.));
#1776 = DIRECTION('',(1.,0.,-0.));
#1777 = MANIFOLD_SOLID_BREP('',#1778);
#1778 = CLOSED_SHELL('',(#1779,#1812,#1821));
#1779 = ADVANCED_FACE('',(#1780),#1807,.T.);
#1780 = FACE_BOUND('',#1781,.T.);
#1781 = EDGE_LOOP('',(#1782,#1791,#1799,#1806));
#1782 = ORIENTED_EDGE('',*,*,#1783,.F.);
#1783 = EDGE_CURVE('',#1784,#1784,#1786,.T.);
#1784 = VERTEX_POINT('',#1785);
#1785 = CARTESIAN_POINT('',(21.,8.,37.3));
#1786 = CIRCLE('',#1787,5.);
#1787 = AXIS2_PLACEMENT_3D('',#1788,#1789,#1790);
#1788 = CARTESIAN_POINT('',(16.,8.,37.3));
#1789 = DIRECTION('',(0.,0.,1.));
#1790 = DIRECTION('',(1.,0.,-0.));
#1791 = ORIENTED_EDGE('',*,*,#1792,.F.);
#1792 = EDGE_CURVE('',#1793,#1784,#1795,.T.);
#1793 = VERTEX_POINT('',#1794);
#1794 = CARTESIAN_POINT('',(21.,8.,34.6));
#1795 = LINE('',#1796,#1797);
#1796 = CARTESIAN_POINT('',(21.,8.,34.6));
#1797 = VECTOR('',#1798,1.);
#1798 = DIRECTION('',(0.,0.,1.));
#1799 = ORIENTED_EDGE('',*,*,#1800,.T.);
#1800 = EDGE_CURVE('',#1793,#1793,#1801,.T.);
#1801 = CIRCLE('',#1802,5.);
#1802 = AXIS2_PLACEMENT_3D('',#1803,#1804,#1805);
#1803 = CARTESIAN_POINT('',(16.,8.,34.6));
#1804 = DIRECTION('',(0.,0.,1.));
#1805 = DIRECTION('',(1.,0.,-0.));
#1806 = ORIENTED_EDGE('',*,*,#1792,.T.);
#1807 = CYLINDRICAL_SURFACE('',#1808,5.);
#1808 = AXIS2_PLACEMENT_3D('',#1809,#1810,#1811);
#1809 = CARTESIAN_POINT('',(16.,8.,34.6));
#1810 = DIRECTION('',(0.,0.,1.));
#1811 = DIRECTION('',(1.,0.,-0.));
#1812 = ADVANCED_FACE('',(#1813),#1816,.T.);
#1813 = FACE_BOUND('',#1814,.T.);
#1814 = EDGE_LOOP('',(#1815));
#1815 = ORIENTED_EDGE('',*,*,#1783,.T.);
#1816 = PLANE('',#1817);
#1817 = AXIS2_PLACEMENT_3D('',#1818,#1819,#1820);
#1818 = CARTESIAN_POINT('',(16.,8.,37.3));
#1819 = DIRECTION('',(0.,0.,1.));
#1820 = DIRECTION('',(1.,0.,-0.));
#1821 = ADVANCED_FACE('',(#1822),#1825,.F.);
#1822 = FACE_BOUND('',#1823,.T.);
#1823 = EDGE_LOOP('',(#1824));
#1824 = ORIENTED_EDGE('',*,*,#1800,.F.);
#1825 = PLANE('',#1826);
#1826 = AXIS2_PLACEMENT_3D('',#1827,#1828,#1829);
#1827 = CARTESIAN_POINT('',(16.,8.,34.6));
#1828 = DIRECTION('',(0.,0.,1.));
#1829 = DIRECTION('',(1.,0.,-0.));
#1830 = MANIFOLD_SOLID_BREP('',#1831);
#1831 = CLOSED_SHELL('',(#1832,#1872,#1912,#1934,#1956,#1968));
#1832 = ADVANCED_FACE('',(#1833),#1867,.F.);
#1833 = FACE_BOUND('',#1834,.F.);
#1834 = EDGE_LOOP('',(#1835,#1845,#1853,#1861));
#1835 = ORIENTED_EDGE('',*,*,#1836,.F.);
#1836 = EDGE_CURVE('',#1837,#1839,#1841,.T.);
#1837 = VERTEX_POINT('',#1838);
#1838 = CARTESIAN_POINT('',(-7.5,-23.5,40.));
#1839 = VERTEX_POINT('',#1840);
#1840 = CARTESIAN_POINT('',(-7.5,-23.5,51.));
#1841 = LINE('',#1842,#1843);
#1842 = CARTESIAN_POINT('',(-7.5,-23.5,40.));
#1843 = VECTOR('',#1844,1.);
#1844 = DIRECTION('',(0.,0.,1.));
#1845 = ORIENTED_EDGE('',*,*,#1846,.T.);
#1846 = EDGE_CURVE('',#1837,#1847,#1849,.T.);
#1847 = VERTEX_POINT('',#1848);
#1848 = CARTESIAN_POINT('',(-7.5,-20.,40.));
#1849 = LINE('',#1850,#1851);
#1850 = CARTESIAN_POINT('',(-7.5,-23.5,40.));
#1851 = VECTOR('',#1852,1.);
#1852 = DIRECTION('',(-0.,1.,0.));
#1853 = ORIENTED_EDGE('',*,*,#1854,.T.);
#1854 = EDGE_CURVE('',#1847,#1855,#1857,.T.);
#1855 = VERTEX_POINT('',#1856);
#1856 = CARTESIAN_POINT('',(-7.5,-20.,51.));
#1857 = LINE('',#1858,#1859);
#1858 = CARTESIAN_POINT('',(-7.5,-20.,40.));
#1859 = VECTOR('',#1860,1.);
#1860 = DIRECTION('',(0.,0.,1.));
#1861 = ORIENTED_EDGE('',*,*,#1862,.F.);
#1862 = EDGE_CURVE('',#1839,#1855,#1863,.T.);
#1863 = LINE('',#1864,#1865);
#1864 = CARTESIAN_POINT('',(-7.5,-23.5,51.));
#1865 = VECTOR('',#1866,1.);
#1866 = DIRECTION('',(-0.,1.,0.));
#1867 = PLANE('',#1868);
#1868 = AXIS2_PLACEMENT_3D('',#1869,#1870,#1871);
#1869 = CARTESIAN_POINT('',(-7.5,-23.5,40.));
#1870 = DIRECTION('',(1.,0.,-0.));
#1871 = DIRECTION('',(0.,0.,1.));
#1872 = ADVANCED_FACE('',(#1873),#1907,.T.);
#1873 = FACE_BOUND('',#1874,.T.);
#1874 = EDGE_LOOP('',(#1875,#1885,#1893,#1901));
#1875 = ORIENTED_EDGE('',*,*,#1876,.F.);
#1876 = EDGE_CURVE('',#1877,#1879,#1881,.T.);
#1877 = VERTEX_POINT('',#1878);
#1878 = CARTESIAN_POINT('',(7.5,-23.5,40.));
#1879 = VERTEX_POINT('',#1880);
#1880 = CARTESIAN_POINT('',(7.5,-23.5,51.));
#1881 = LINE('',#1882,#1883);
#1882 = CARTESIAN_POINT('',(7.5,-23.5,40.));
#1883 = VECTOR('',#1884,1.);
#1884 = DIRECTION('',(0.,0.,1.));
#1885 = ORIENTED_EDGE('',*,*,#1886,.T.);
#1886 = EDGE_CURVE('',#1877,#1887,#1889,.T.);
#1887 = VERTEX_POINT('',#1888);
#1888 = CARTESIAN_POINT('',(7.5,-20.,40.));
#1889 = LINE('',#1890,#1891);
#1890 = CARTESIAN_POINT('',(7.5,-23.5,40.));
#1891 = VECTOR('',#1892,1.);
#1892 = DIRECTION('',(-0.,1.,0.));
#1893 = ORIENTED_EDGE('',*,*,#1894,.T.);
#1894 = EDGE_CURVE('',#1887,#1895,#1897,.T.);
#1895 = VERTEX_POINT('',#1896);
#1896 = CARTESIAN_POINT('',(7.5,-20.,51.));
#1897 = LINE('',#1898,#1899);
#1898 = CARTESIAN_POINT('',(7.5,-20.,40.));
#1899 = VECTOR('',#1900,1.);
#1900 = DIRECTION('',(0.,0.,1.));
#1901 = ORIENTED_EDGE('',*,*,#1902,.F.);
#1902 = EDGE_CURVE('',#1879,#1895,#1903,.T.);
#1903 = LINE('',#1904,#1905);
#1904 = CARTESIAN_POINT('',(7.5,-23.5,51.));
#1905 = VECTOR('',#1906,1.);
#1906 = DIRECTION('',(-0.,1.,0.));
#1907 = PLANE('',#1908);
#1908 = AXIS2_PLACEMENT_3D('',#1909,#1910,#1911);
#1909 = CARTESIAN_POINT('',(7.5,-23.5,40.));
#1910 = DIRECTION('',(1.,0.,-0.));
#1911 = DIRECTION('',(0.,0.,1.));
#1912 = ADVANCED_FACE('',(#1913),#1929,.F.);
#1913 = FACE_BOUND('',#1914,.F.);
#1914 = EDGE_LOOP('',(#1915,#1921,#1922,#1928));
#1915 = ORIENTED_EDGE('',*,*,#1916,.F.);
#1916 = EDGE_CURVE('',#1837,#1877,#1917,.T.);
#1917 = LINE('',#1918,#1919);
#1918 = CARTESIAN_POINT('',(-7.5,-23.5,40.));
#1919 = VECTOR('',#1920,1.);
#1920 = DIRECTION('',(1.,0.,-0.));
#1921 = ORIENTED_EDGE('',*,*,#1836,.T.);
#1922 = ORIENTED_EDGE('',*,*,#1923,.T.);
#1923 = EDGE_CURVE('',#1839,#1879,#1924,.T.);
#1924 = LINE('',#1925,#1926);
#1925 = CARTESIAN_POINT('',(-7.5,-23.5,51.));
#1926 = VECTOR('',#1927,1.);
#1927 = DIRECTION('',(1.,0.,-0.));
#1928 = ORIENTED_EDGE('',*,*,#1876,.F.);
#1929 = PLANE('',#1930);
#1930 = AXIS2_PLACEMENT_3D('',#1931,#1932,#1933);
#1931 = CARTESIAN_POINT('',(-7.5,-23.5,40.));
#1932 = DIRECTION('',(-0.,1.,0.));
#1933 = DIRECTION('',(0.,0.,1.));
#1934 = ADVANCED_FACE('',(#1935),#1951,.T.);
#1935 = FACE_BOUND('',#1936,.T.);
#1936 = EDGE_LOOP('',(#1937,#1943,#1944,#1950));
#1937 = ORIENTED_EDGE('',*,*,#1938,.F.);
#1938 = EDGE_CURVE('',#1847,#1887,#1939,.T.);
#1939 = LINE('',#1940,#1941);
#1940 = CARTESIAN_POINT('',(-7.5,-20.,40.));
#1941 = VECTOR('',#1942,1.);
#1942 = DIRECTION('',(1.,0.,-0.));
#1943 = ORIENTED_EDGE('',*,*,#1854,.T.);
#1944 = ORIENTED_EDGE('',*,*,#1945,.T.);
#1945 = EDGE_CURVE('',#1855,#1895,#1946,.T.);
#1946 = LINE('',#1947,#1948);
#1947 = CARTESIAN_POINT('',(-7.5,-20.,51.));
#1948 = VECTOR('',#1949,1.);
#1949 = DIRECTION('',(1.,0.,-0.));
#1950 = ORIENTED_EDGE('',*,*,#1894,.F.);
#1951 = PLANE('',#1952);
#1952 = AXIS2_PLACEMENT_3D('',#1953,#1954,#1955);
#1953 = CARTESIAN_POINT('',(-7.5,-20.,40.));
#1954 = DIRECTION('',(-0.,1.,0.));
#1955 = DIRECTION('',(0.,0.,1.));
#1956 = ADVANCED_FACE('',(#1957),#1963,.F.);
#1957 = FACE_BOUND('',#1958,.F.);
#1958 = EDGE_LOOP('',(#1959,#1960,#1961,#1962));
#1959 = ORIENTED_EDGE('',*,*,#1846,.F.);
#1960 = ORIENTED_EDGE('',*,*,#1916,.T.);
#1961 = ORIENTED_EDGE('',*,*,#1886,.T.);
#1962 = ORIENTED_EDGE('',*,*,#1938,.F.);
#1963 = PLANE('',#1964);
#1964 = AXIS2_PLACEMENT_3D('',#1965,#1966,#1967);
#1965 = CARTESIAN_POINT('',(-7.5,-23.5,40.));
#1966 = DIRECTION('',(0.,0.,1.));
#1967 = DIRECTION('',(1.,0.,-0.));
#1968 = ADVANCED_FACE('',(#1969),#1975,.T.);
#1969 = FACE_BOUND('',#1970,.T.);
#1970 = EDGE_LOOP('',(#1971,#1972,#1973,#1974));
#1971 = ORIENTED_EDGE('',*,*,#1862,.F.);
#1972 = ORIENTED_EDGE('',*,*,#1923,.T.);
#1973 = ORIENTED_EDGE('',*,*,#1902,.T.);
#1974 = ORIENTED_EDGE('',*,*,#1945,.F.);
#1975 = PLANE('',#1976);
#1976 = AXIS2_PLACEMENT_3D('',#1977,#1978,#1979);
#1977 = CARTESIAN_POINT('',(-7.5,-23.5,51.));
#1978 = DIRECTION('',(0.,0.,1.));
#1979 = DIRECTION('',(1.,0.,-0.));
#1980 = MANIFOLD_SOLID_BREP('',#1981);
#1981 = CLOSED_SHELL('',(#1982,#2022,#2062,#2084,#2106,#2118));
#1982 = ADVANCED_FACE('',(#1983),#2017,.F.);
#1983 = FACE_BOUND('',#1984,.F.);
#1984 = EDGE_LOOP('',(#1985,#1995,#2003,#2011));
#1985 = ORIENTED_EDGE('',*,*,#1986,.F.);
#1986 = EDGE_CURVE('',#1987,#1989,#1991,.T.);
#1987 = VERTEX_POINT('',#1988);
#1988 = CARTESIAN_POINT('',(-4.25,-5.,40.));
#1989 = VERTEX_POINT('',#1990);
#1990 = CARTESIAN_POINT('',(-4.25,-5.,60.));
#1991 = LINE('',#1992,#1993);
#1992 = CARTESIAN_POINT('',(-4.25,-5.,40.));
#1993 = VECTOR('',#1994,1.);
#1994 = DIRECTION('',(0.,0.,1.));
#1995 = ORIENTED_EDGE('',*,*,#1996,.T.);
#1996 = EDGE_CURVE('',#1987,#1997,#1999,.T.);
#1997 = VERTEX_POINT('',#1998);
#1998 = CARTESIAN_POINT('',(-4.25,15.,40.));
#1999 = LINE('',#2000,#2001);
#2000 = CARTESIAN_POINT('',(-4.25,-5.,40.));
#2001 = VECTOR('',#2002,1.);
#2002 = DIRECTION('',(-0.,1.,0.));
#2003 = ORIENTED_EDGE('',*,*,#2004,.T.);
#2004 = EDGE_CURVE('',#1997,#2005,#2007,.T.);
#2005 = VERTEX_POINT('',#2006);
#2006 = CARTESIAN_POINT('',(-4.25,15.,60.));
#2007 = LINE('',#2008,#2009);
#2008 = CARTESIAN_POINT('',(-4.25,15.,40.));
#2009 = VECTOR('',#2010,1.);
#2010 = DIRECTION('',(0.,0.,1.));
#2011 = ORIENTED_EDGE('',*,*,#2012,.F.);
#2012 = EDGE_CURVE('',#1989,#2005,#2013,.T.);
#2013 = LINE('',#2014,#2015);
#2014 = CARTESIAN_POINT('',(-4.25,-5.,60.));
#2015 = VECTOR('',#2016,1.);
#2016 = DIRECTION('',(-0.,1.,0.));
#2017 = PLANE('',#2018);
#2018 = AXIS2_PLACEMENT_3D('',#2019,#2020,#2021);
#2019 = CARTESIAN_POINT('',(-4.25,-5.,40.));
#2020 = DIRECTION('',(1.,0.,-0.));
#2021 = DIRECTION('',(0.,0.,1.));
#2022 = ADVANCED_FACE('',(#2023),#2057,.T.);
#2023 = FACE_BOUND('',#2024,.T.);
#2024 = EDGE_LOOP('',(#2025,#2035,#2043,#2051));
#2025 = ORIENTED_EDGE('',*,*,#2026,.F.);
#2026 = EDGE_CURVE('',#2027,#2029,#2031,.T.);
#2027 = VERTEX_POINT('',#2028);
#2028 = CARTESIAN_POINT('',(4.25,-5.,40.));
#2029 = VERTEX_POINT('',#2030);
#2030 = CARTESIAN_POINT('',(4.25,-5.,60.));
#2031 = LINE('',#2032,#2033);
#2032 = CARTESIAN_POINT('',(4.25,-5.,40.));
#2033 = VECTOR('',#2034,1.);
#2034 = DIRECTION('',(0.,0.,1.));
#2035 = ORIENTED_EDGE('',*,*,#2036,.T.);
#2036 = EDGE_CURVE('',#2027,#2037,#2039,.T.);
#2037 = VERTEX_POINT('',#2038);
#2038 = CARTESIAN_POINT('',(4.25,15.,40.));
#2039 = LINE('',#2040,#2041);
#2040 = CARTESIAN_POINT('',(4.25,-5.,40.));
#2041 = VECTOR('',#2042,1.);
#2042 = DIRECTION('',(-0.,1.,0.));
#2043 = ORIENTED_EDGE('',*,*,#2044,.T.);
#2044 = EDGE_CURVE('',#2037,#2045,#2047,.T.);
#2045 = VERTEX_POINT('',#2046);
#2046 = CARTESIAN_POINT('',(4.25,15.,60.));
#2047 = LINE('',#2048,#2049);
#2048 = CARTESIAN_POINT('',(4.25,15.,40.));
#2049 = VECTOR('',#2050,1.);
#2050 = DIRECTION('',(0.,0.,1.));
#2051 = ORIENTED_EDGE('',*,*,#2052,.F.);
#2052 = EDGE_CURVE('',#2029,#2045,#2053,.T.);
#2053 = LINE('',#2054,#2055);
#2054 = CARTESIAN_POINT('',(4.25,-5.,60.));
#2055 = VECTOR('',#2056,1.);
#2056 = DIRECTION('',(-0.,1.,0.));
#2057 = PLANE('',#2058);
#2058 = AXIS2_PLACEMENT_3D('',#2059,#2060,#2061);
#2059 = CARTESIAN_POINT('',(4.25,-5.,40.));
#2060 = DIRECTION('',(1.,0.,-0.));
#2061 = DIRECTION('',(0.,0.,1.));
#2062 = ADVANCED_FACE('',(#2063),#2079,.F.);
#2063 = FACE_BOUND('',#2064,.F.);
#2064 = EDGE_LOOP('',(#2065,#2071,#2072,#2078));
#2065 = ORIENTED_EDGE('',*,*,#2066,.F.);
#2066 = EDGE_CURVE('',#1987,#2027,#2067,.T.);
#2067 = LINE('',#2068,#2069);
#2068 = CARTESIAN_POINT('',(-4.25,-5.,40.));
#2069 = VECTOR('',#2070,1.);
#2070 = DIRECTION('',(1.,0.,-0.));
#2071 = ORIENTED_EDGE('',*,*,#1986,.T.);
#2072 = ORIENTED_EDGE('',*,*,#2073,.T.);
#2073 = EDGE_CURVE('',#1989,#2029,#2074,.T.);
#2074 = LINE('',#2075,#2076);
#2075 = CARTESIAN_POINT('',(-4.25,-5.,60.));
#2076 = VECTOR('',#2077,1.);
#2077 = DIRECTION('',(1.,0.,-0.));
#2078 = ORIENTED_EDGE('',*,*,#2026,.F.);
#2079 = PLANE('',#2080);
#2080 = AXIS2_PLACEMENT_3D('',#2081,#2082,#2083);
#2081 = CARTESIAN_POINT('',(-4.25,-5.,40.));
#2082 = DIRECTION('',(-0.,1.,0.));
#2083 = DIRECTION('',(0.,0.,1.));
#2084 = ADVANCED_FACE('',(#2085),#2101,.T.);
#2085 = FACE_BOUND('',#2086,.T.);
#2086 = EDGE_LOOP('',(#2087,#2093,#2094,#2100));
#2087 = ORIENTED_EDGE('',*,*,#2088,.F.);
#2088 = EDGE_CURVE('',#1997,#2037,#2089,.T.);
#2089 = LINE('',#2090,#2091);
#2090 = CARTESIAN_POINT('',(-4.25,15.,40.));
#2091 = VECTOR('',#2092,1.);
#2092 = DIRECTION('',(1.,0.,-0.));
#2093 = ORIENTED_EDGE('',*,*,#2004,.T.);
#2094 = ORIENTED_EDGE('',*,*,#2095,.T.);
#2095 = EDGE_CURVE('',#2005,#2045,#2096,.T.);
#2096 = LINE('',#2097,#2098);
#2097 = CARTESIAN_POINT('',(-4.25,15.,60.));
#2098 = VECTOR('',#2099,1.);
#2099 = DIRECTION('',(1.,0.,-0.));
#2100 = ORIENTED_EDGE('',*,*,#2044,.F.);
#2101 = PLANE('',#2102);
#2102 = AXIS2_PLACEMENT_3D('',#2103,#2104,#2105);
#2103 = CARTESIAN_POINT('',(-4.25,15.,40.));
#2104 = DIRECTION('',(-0.,1.,0.));
#2105 = DIRECTION('',(0.,0.,1.));
#2106 = ADVANCED_FACE('',(#2107),#2113,.F.);
#2107 = FACE_BOUND('',#2108,.F.);
#2108 = EDGE_LOOP('',(#2109,#2110,#2111,#2112));
#2109 = ORIENTED_EDGE('',*,*,#1996,.F.);
#2110 = ORIENTED_EDGE('',*,*,#2066,.T.);
#2111 = ORIENTED_EDGE('',*,*,#2036,.T.);
#2112 = ORIENTED_EDGE('',*,*,#2088,.F.);
#2113 = PLANE('',#2114);
#2114 = AXIS2_PLACEMENT_3D('',#2115,#2116,#2117);
#2115 = CARTESIAN_POINT('',(-4.25,-5.,40.));
#2116 = DIRECTION('',(0.,0.,1.));
#2117 = DIRECTION('',(1.,0.,-0.));
#2118 = ADVANCED_FACE('',(#2119),#2125,.T.);
#2119 = FACE_BOUND('',#2120,.T.);
#2120 = EDGE_LOOP('',(#2121,#2122,#2123,#2124));
#2121 = ORIENTED_EDGE('',*,*,#2012,.F.);
#2122 = ORIENTED_EDGE('',*,*,#2073,.T.);
#2123 = ORIENTED_EDGE('',*,*,#2052,.T.);
#2124 = ORIENTED_EDGE('',*,*,#2095,.F.);
#2125 = PLANE('',#2126);
#2126 = AXIS2_PLACEMENT_3D('',#2127,#2128,#2129);
#2127 = CARTESIAN_POINT('',(-4.25,-5.,60.));
#2128 = DIRECTION('',(0.,0.,1.));
#2129 = DIRECTION('',(1.,0.,-0.));
#2130 = MANIFOLD_SOLID_BREP('',#2131);
#2131 = CLOSED_SHELL('',(#2132,#2172,#2212,#2234,#2256,#2268));
#2132 = ADVANCED_FACE('',(#2133),#2167,.F.);
#2133 = FACE_BOUND('',#2134,.F.);
#2134 = EDGE_LOOP('',(#2135,#2145,#2153,#2161));
#2135 = ORIENTED_EDGE('',*,*,#2136,.F.);
#2136 = EDGE_CURVE('',#2137,#2139,#2141,.T.);
#2137 = VERTEX_POINT('',#2138);
#2138 = CARTESIAN_POINT('',(-21.,16.,54.));
#2139 = VERTEX_POINT('',#2140);
#2140 = CARTESIAN_POINT('',(-21.,16.,78.));
#2141 = LINE('',#2142,#2143);
#2142 = CARTESIAN_POINT('',(-21.,16.,54.));
#2143 = VECTOR('',#2144,1.);
#2144 = DIRECTION('',(0.,0.,1.));
#2145 = ORIENTED_EDGE('',*,*,#2146,.T.);
#2146 = EDGE_CURVE('',#2137,#2147,#2149,.T.);
#2147 = VERTEX_POINT('',#2148);
#2148 = CARTESIAN_POINT('',(-21.,17.6,54.));
#2149 = LINE('',#2150,#2151);
#2150 = CARTESIAN_POINT('',(-21.,16.,54.));
#2151 = VECTOR('',#2152,1.);
#2152 = DIRECTION('',(-0.,1.,0.));
#2153 = ORIENTED_EDGE('',*,*,#2154,.T.);
#2154 = EDGE_CURVE('',#2147,#2155,#2157,.T.);
#2155 = VERTEX_POINT('',#2156);
#2156 = CARTESIAN_POINT('',(-21.,17.6,78.));
#2157 = LINE('',#2158,#2159);
#2158 = CARTESIAN_POINT('',(-21.,17.6,54.));
#2159 = VECTOR('',#2160,1.);
#2160 = DIRECTION('',(0.,0.,1.));
#2161 = ORIENTED_EDGE('',*,*,#2162,.F.);
#2162 = EDGE_CURVE('',#2139,#2155,#2163,.T.);
#2163 = LINE('',#2164,#2165);
#2164 = CARTESIAN_POINT('',(-21.,16.,78.));
#2165 = VECTOR('',#2166,1.);
#2166 = DIRECTION('',(-0.,1.,0.));
#2167 = PLANE('',#2168);
#2168 = AXIS2_PLACEMENT_3D('',#2169,#2170,#2171);
#2169 = CARTESIAN_POINT('',(-21.,16.,54.));
#2170 = DIRECTION('',(1.,0.,-0.));
#2171 = DIRECTION('',(0.,0.,1.));
#2172 = ADVANCED_FACE('',(#2173),#2207,.T.);
#2173 = FACE_BOUND('',#2174,.T.);
#2174 = EDGE_LOOP('',(#2175,#2185,#2193,#2201));
#2175 = ORIENTED_EDGE('',*,*,#2176,.F.);
#2176 = EDGE_CURVE('',#2177,#2179,#2181,.T.);
#2177 = VERTEX_POINT('',#2178);
#2178 = CARTESIAN_POINT('',(21.,16.,54.));
#2179 = VERTEX_POINT('',#2180);
#2180 = CARTESIAN_POINT('',(21.,16.,78.));
#2181 = LINE('',#2182,#2183);
#2182 = CARTESIAN_POINT('',(21.,16.,54.));
#2183 = VECTOR('',#2184,1.);
#2184 = DIRECTION('',(0.,0.,1.));
#2185 = ORIENTED_EDGE('',*,*,#2186,.T.);
#2186 = EDGE_CURVE('',#2177,#2187,#2189,.T.);
#2187 = VERTEX_POINT('',#2188);
#2188 = CARTESIAN_POINT('',(21.,17.6,54.));
#2189 = LINE('',#2190,#2191);
#2190 = CARTESIAN_POINT('',(21.,16.,54.));
#2191 = VECTOR('',#2192,1.);
#2192 = DIRECTION('',(-0.,1.,0.));
#2193 = ORIENTED_EDGE('',*,*,#2194,.T.);
#2194 = EDGE_CURVE('',#2187,#2195,#2197,.T.);
#2195 = VERTEX_POINT('',#2196);
#2196 = CARTESIAN_POINT('',(21.,17.6,78.));
#2197 = LINE('',#2198,#2199);
#2198 = CARTESIAN_POINT('',(21.,17.6,54.));
#2199 = VECTOR('',#2200,1.);
#2200 = DIRECTION('',(0.,0.,1.));
#2201 = ORIENTED_EDGE('',*,*,#2202,.F.);
#2202 = EDGE_CURVE('',#2179,#2195,#2203,.T.);
#2203 = LINE('',#2204,#2205);
#2204 = CARTESIAN_POINT('',(21.,16.,78.));
#2205 = VECTOR('',#2206,1.);
#2206 = DIRECTION('',(-0.,1.,0.));
#2207 = PLANE('',#2208);
#2208 = AXIS2_PLACEMENT_3D('',#2209,#2210,#2211);
#2209 = CARTESIAN_POINT('',(21.,16.,54.));
#2210 = DIRECTION('',(1.,0.,-0.));
#2211 = DIRECTION('',(0.,0.,1.));
#2212 = ADVANCED_FACE('',(#2213),#2229,.F.);
#2213 = FACE_BOUND('',#2214,.F.);
#2214 = EDGE_LOOP('',(#2215,#2221,#2222,#2228));
#2215 = ORIENTED_EDGE('',*,*,#2216,.F.);
#2216 = EDGE_CURVE('',#2137,#2177,#2217,.T.);
#2217 = LINE('',#2218,#2219);
#2218 = CARTESIAN_POINT('',(-21.,16.,54.));
#2219 = VECTOR('',#2220,1.);
#2220 = DIRECTION('',(1.,0.,-0.));
#2221 = ORIENTED_EDGE('',*,*,#2136,.T.);
#2222 = ORIENTED_EDGE('',*,*,#2223,.T.);
#2223 = EDGE_CURVE('',#2139,#2179,#2224,.T.);
#2224 = LINE('',#2225,#2226);
#2225 = CARTESIAN_POINT('',(-21.,16.,78.));
#2226 = VECTOR('',#2227,1.);
#2227 = DIRECTION('',(1.,0.,-0.));
#2228 = ORIENTED_EDGE('',*,*,#2176,.F.);
#2229 = PLANE('',#2230);
#2230 = AXIS2_PLACEMENT_3D('',#2231,#2232,#2233);
#2231 = CARTESIAN_POINT('',(-21.,16.,54.));
#2232 = DIRECTION('',(-0.,1.,0.));
#2233 = DIRECTION('',(0.,0.,1.));
#2234 = ADVANCED_FACE('',(#2235),#2251,.T.);
#2235 = FACE_BOUND('',#2236,.T.);
#2236 = EDGE_LOOP('',(#2237,#2243,#2244,#2250));
#2237 = ORIENTED_EDGE('',*,*,#2238,.F.);
#2238 = EDGE_CURVE('',#2147,#2187,#2239,.T.);
#2239 = LINE('',#2240,#2241);
#2240 = CARTESIAN_POINT('',(-21.,17.6,54.));
#2241 = VECTOR('',#2242,1.);
#2242 = DIRECTION('',(1.,0.,-0.));
#2243 = ORIENTED_EDGE('',*,*,#2154,.T.);
#2244 = ORIENTED_EDGE('',*,*,#2245,.T.);
#2245 = EDGE_CURVE('',#2155,#2195,#2246,.T.);
#2246 = LINE('',#2247,#2248);
#2247 = CARTESIAN_POINT('',(-21.,17.6,78.));
#2248 = VECTOR('',#2249,1.);
#2249 = DIRECTION('',(1.,0.,-0.));
#2250 = ORIENTED_EDGE('',*,*,#2194,.F.);
#2251 = PLANE('',#2252);
#2252 = AXIS2_PLACEMENT_3D('',#2253,#2254,#2255);
#2253 = CARTESIAN_POINT('',(-21.,17.6,54.));
#2254 = DIRECTION('',(-0.,1.,0.));
#2255 = DIRECTION('',(0.,0.,1.));
#2256 = ADVANCED_FACE('',(#2257),#2263,.F.);
#2257 = FACE_BOUND('',#2258,.F.);
#2258 = EDGE_LOOP('',(#2259,#2260,#2261,#2262));
#2259 = ORIENTED_EDGE('',*,*,#2146,.F.);
#2260 = ORIENTED_EDGE('',*,*,#2216,.T.);
#2261 = ORIENTED_EDGE('',*,*,#2186,.T.);
#2262 = ORIENTED_EDGE('',*,*,#2238,.F.);
#2263 = PLANE('',#2264);
#2264 = AXIS2_PLACEMENT_3D('',#2265,#2266,#2267);
#2265 = CARTESIAN_POINT('',(-21.,16.,54.));
#2266 = DIRECTION('',(0.,0.,1.));
#2267 = DIRECTION('',(1.,0.,-0.));
#2268 = ADVANCED_FACE('',(#2269),#2275,.T.);
#2269 = FACE_BOUND('',#2270,.T.);
#2270 = EDGE_LOOP('',(#2271,#2272,#2273,#2274));
#2271 = ORIENTED_EDGE('',*,*,#2162,.F.);
#2272 = ORIENTED_EDGE('',*,*,#2223,.T.);
#2273 = ORIENTED_EDGE('',*,*,#2202,.T.);
#2274 = ORIENTED_EDGE('',*,*,#2245,.F.);
#2275 = PLANE('',#2276);
#2276 = AXIS2_PLACEMENT_3D('',#2277,#2278,#2279);
#2277 = CARTESIAN_POINT('',(-21.,16.,78.));
#2278 = DIRECTION('',(0.,0.,1.));
#2279 = DIRECTION('',(1.,0.,-0.));
#2280 = MANIFOLD_SOLID_BREP('',#2281);
#2281 = CLOSED_SHELL('',(#2282,#2322,#2362,#2384,#2406,#2418));
#2282 = ADVANCED_FACE('',(#2283),#2317,.F.);
#2283 = FACE_BOUND('',#2284,.F.);
#2284 = EDGE_LOOP('',(#2285,#2295,#2303,#2311));
#2285 = ORIENTED_EDGE('',*,*,#2286,.F.);
#2286 = EDGE_CURVE('',#2287,#2289,#2291,.T.);
#2287 = VERTEX_POINT('',#2288);
#2288 = CARTESIAN_POINT('',(-13.5,17.6,55.));
#2289 = VERTEX_POINT('',#2290);
#2290 = CARTESIAN_POINT('',(-13.5,17.6,70.));
#2291 = LINE('',#2292,#2293);
#2292 = CARTESIAN_POINT('',(-13.5,17.6,55.));
#2293 = VECTOR('',#2294,1.);
#2294 = DIRECTION('',(0.,0.,1.));
#2295 = ORIENTED_EDGE('',*,*,#2296,.T.);
#2296 = EDGE_CURVE('',#2287,#2297,#2299,.T.);
#2297 = VERTEX_POINT('',#2298);
#2298 = CARTESIAN_POINT('',(-13.5,20.1,55.));
#2299 = LINE('',#2300,#2301);
#2300 = CARTESIAN_POINT('',(-13.5,17.6,55.));
#2301 = VECTOR('',#2302,1.);
#2302 = DIRECTION('',(-0.,1.,0.));
#2303 = ORIENTED_EDGE('',*,*,#2304,.T.);
#2304 = EDGE_CURVE('',#2297,#2305,#2307,.T.);
#2305 = VERTEX_POINT('',#2306);
#2306 = CARTESIAN_POINT('',(-13.5,20.1,70.));
#2307 = LINE('',#2308,#2309);
#2308 = CARTESIAN_POINT('',(-13.5,20.1,55.));
#2309 = VECTOR('',#2310,1.);
#2310 = DIRECTION('',(0.,0.,1.));
#2311 = ORIENTED_EDGE('',*,*,#2312,.F.);
#2312 = EDGE_CURVE('',#2289,#2305,#2313,.T.);
#2313 = LINE('',#2314,#2315);
#2314 = CARTESIAN_POINT('',(-13.5,17.6,70.));
#2315 = VECTOR('',#2316,1.);
#2316 = DIRECTION('',(-0.,1.,0.));
#2317 = PLANE('',#2318);
#2318 = AXIS2_PLACEMENT_3D('',#2319,#2320,#2321);
#2319 = CARTESIAN_POINT('',(-13.5,17.6,55.));
#2320 = DIRECTION('',(1.,0.,-0.));
#2321 = DIRECTION('',(0.,0.,1.));
#2322 = ADVANCED_FACE('',(#2323),#2357,.T.);
#2323 = FACE_BOUND('',#2324,.T.);
#2324 = EDGE_LOOP('',(#2325,#2335,#2343,#2351));
#2325 = ORIENTED_EDGE('',*,*,#2326,.F.);
#2326 = EDGE_CURVE('',#2327,#2329,#2331,.T.);
#2327 = VERTEX_POINT('',#2328);
#2328 = CARTESIAN_POINT('',(13.5,17.6,55.));
#2329 = VERTEX_POINT('',#2330);
#2330 = CARTESIAN_POINT('',(13.5,17.6,70.));
#2331 = LINE('',#2332,#2333);
#2332 = CARTESIAN_POINT('',(13.5,17.6,55.));
#2333 = VECTOR('',#2334,1.);
#2334 = DIRECTION('',(0.,0.,1.));
#2335 = ORIENTED_EDGE('',*,*,#2336,.T.);
#2336 = EDGE_CURVE('',#2327,#2337,#2339,.T.);
#2337 = VERTEX_POINT('',#2338);
#2338 = CARTESIAN_POINT('',(13.5,20.1,55.));
#2339 = LINE('',#2340,#2341);
#2340 = CARTESIAN_POINT('',(13.5,17.6,55.));
#2341 = VECTOR('',#2342,1.);
#2342 = DIRECTION('',(-0.,1.,0.));
#2343 = ORIENTED_EDGE('',*,*,#2344,.T.);
#2344 = EDGE_CURVE('',#2337,#2345,#2347,.T.);
#2345 = VERTEX_POINT('',#2346);
#2346 = CARTESIAN_POINT('',(13.5,20.1,70.));
#2347 = LINE('',#2348,#2349);
#2348 = CARTESIAN_POINT('',(13.5,20.1,55.));
#2349 = VECTOR('',#2350,1.);
#2350 = DIRECTION('',(0.,0.,1.));
#2351 = ORIENTED_EDGE('',*,*,#2352,.F.);
#2352 = EDGE_CURVE('',#2329,#2345,#2353,.T.);
#2353 = LINE('',#2354,#2355);
#2354 = CARTESIAN_POINT('',(13.5,17.6,70.));
#2355 = VECTOR('',#2356,1.);
#2356 = DIRECTION('',(-0.,1.,0.));
#2357 = PLANE('',#2358);
#2358 = AXIS2_PLACEMENT_3D('',#2359,#2360,#2361);
#2359 = CARTESIAN_POINT('',(13.5,17.6,55.));
#2360 = DIRECTION('',(1.,0.,-0.));
#2361 = DIRECTION('',(0.,0.,1.));
#2362 = ADVANCED_FACE('',(#2363),#2379,.F.);
#2363 = FACE_BOUND('',#2364,.F.);
#2364 = EDGE_LOOP('',(#2365,#2371,#2372,#2378));
#2365 = ORIENTED_EDGE('',*,*,#2366,.F.);
#2366 = EDGE_CURVE('',#2287,#2327,#2367,.T.);
#2367 = LINE('',#2368,#2369);
#2368 = CARTESIAN_POINT('',(-13.5,17.6,55.));
#2369 = VECTOR('',#2370,1.);
#2370 = DIRECTION('',(1.,0.,-0.));
#2371 = ORIENTED_EDGE('',*,*,#2286,.T.);
#2372 = ORIENTED_EDGE('',*,*,#2373,.T.);
#2373 = EDGE_CURVE('',#2289,#2329,#2374,.T.);
#2374 = LINE('',#2375,#2376);
#2375 = CARTESIAN_POINT('',(-13.5,17.6,70.));
#2376 = VECTOR('',#2377,1.);
#2377 = DIRECTION('',(1.,0.,-0.));
#2378 = ORIENTED_EDGE('',*,*,#2326,.F.);
#2379 = PLANE('',#2380);
#2380 = AXIS2_PLACEMENT_3D('',#2381,#2382,#2383);
#2381 = CARTESIAN_POINT('',(-13.5,17.6,55.));
#2382 = DIRECTION('',(-0.,1.,0.));
#2383 = DIRECTION('',(0.,0.,1.));
#2384 = ADVANCED_FACE('',(#2385),#2401,.T.);
#2385 = FACE_BOUND('',#2386,.T.);
#2386 = EDGE_LOOP('',(#2387,#2393,#2394,#2400));
#2387 = ORIENTED_EDGE('',*,*,#2388,.F.);
#2388 = EDGE_CURVE('',#2297,#2337,#2389,.T.);
#2389 = LINE('',#2390,#2391);
#2390 = CARTESIAN_POINT('',(-13.5,20.1,55.));
#2391 = VECTOR('',#2392,1.);
#2392 = DIRECTION('',(1.,0.,-0.));
#2393 = ORIENTED_EDGE('',*,*,#2304,.T.);
#2394 = ORIENTED_EDGE('',*,*,#2395,.T.);
#2395 = EDGE_CURVE('',#2305,#2345,#2396,.T.);
#2396 = LINE('',#2397,#2398);
#2397 = CARTESIAN_POINT('',(-13.5,20.1,70.));
#2398 = VECTOR('',#2399,1.);
#2399 = DIRECTION('',(1.,0.,-0.));
#2400 = ORIENTED_EDGE('',*,*,#2344,.F.);
#2401 = PLANE('',#2402);
#2402 = AXIS2_PLACEMENT_3D('',#2403,#2404,#2405);
#2403 = CARTESIAN_POINT('',(-13.5,20.1,55.));
#2404 = DIRECTION('',(-0.,1.,0.));
#2405 = DIRECTION('',(0.,0.,1.));
#2406 = ADVANCED_FACE('',(#2407),#2413,.F.);
#2407 = FACE_BOUND('',#2408,.F.);
#2408 = EDGE_LOOP('',(#2409,#2410,#2411,#2412));
#2409 = ORIENTED_EDGE('',*,*,#2296,.F.);
#2410 = ORIENTED_EDGE('',*,*,#2366,.T.);
#2411 = ORIENTED_EDGE('',*,*,#2336,.T.);
#2412 = ORIENTED_EDGE('',*,*,#2388,.F.);
#2413 = PLANE('',#2414);
#2414 = AXIS2_PLACEMENT_3D('',#2415,#2416,#2417);
#2415 = CARTESIAN_POINT('',(-13.5,17.6,55.));
#2416 = DIRECTION('',(0.,0.,1.));
#2417 = DIRECTION('',(1.,0.,-0.));
#2418 = ADVANCED_FACE('',(#2419),#2425,.T.);
#2419 = FACE_BOUND('',#2420,.T.);
#2420 = EDGE_LOOP('',(#2421,#2422,#2423,#2424));
#2421 = ORIENTED_EDGE('',*,*,#2312,.F.);
#2422 = ORIENTED_EDGE('',*,*,#2373,.T.);
#2423 = ORIENTED_EDGE('',*,*,#2352,.T.);
#2424 = ORIENTED_EDGE('',*,*,#2395,.F.);
#2425 = PLANE('',#2426);
#2426 = AXIS2_PLACEMENT_3D('',#2427,#2428,#2429);
#2427 = CARTESIAN_POINT('',(-13.5,17.6,70.));
#2428 = DIRECTION('',(0.,0.,1.));
#2429 = DIRECTION('',(1.,0.,-0.));
#2430 = MANIFOLD_SOLID_BREP('',#2431);
#2431 = CLOSED_SHELL('',(#2432,#2472,#2512,#2534,#2556,#2568));
#2432 = ADVANCED_FACE('',(#2433),#2467,.F.);
#2433 = FACE_BOUND('',#2434,.F.);
#2434 = EDGE_LOOP('',(#2435,#2445,#2453,#2461));
#2435 = ORIENTED_EDGE('',*,*,#2436,.F.);
#2436 = EDGE_CURVE('',#2437,#2439,#2441,.T.);
#2437 = VERTEX_POINT('',#2438);
#2438 = CARTESIAN_POINT('',(-4.25,17.6,69.));
#2439 = VERTEX_POINT('',#2440);
#2440 = CARTESIAN_POINT('',(-4.25,17.6,77.5));
#2441 = LINE('',#2442,#2443);
#2442 = CARTESIAN_POINT('',(-4.25,17.6,69.));
#2443 = VECTOR('',#2444,1.);
#2444 = DIRECTION('',(0.,0.,1.));
#2445 = ORIENTED_EDGE('',*,*,#2446,.T.);
#2446 = EDGE_CURVE('',#2437,#2447,#2449,.T.);
#2447 = VERTEX_POINT('',#2448);
#2448 = CARTESIAN_POINT('',(-4.25,21.6,69.));
#2449 = LINE('',#2450,#2451);
#2450 = CARTESIAN_POINT('',(-4.25,17.6,69.));
#2451 = VECTOR('',#2452,1.);
#2452 = DIRECTION('',(-0.,1.,0.));
#2453 = ORIENTED_EDGE('',*,*,#2454,.T.);
#2454 = EDGE_CURVE('',#2447,#2455,#2457,.T.);
#2455 = VERTEX_POINT('',#2456);
#2456 = CARTESIAN_POINT('',(-4.25,21.6,77.5));
#2457 = LINE('',#2458,#2459);
#2458 = CARTESIAN_POINT('',(-4.25,21.6,69.));
#2459 = VECTOR('',#2460,1.);
#2460 = DIRECTION('',(0.,0.,1.));
#2461 = ORIENTED_EDGE('',*,*,#2462,.F.);
#2462 = EDGE_CURVE('',#2439,#2455,#2463,.T.);
#2463 = LINE('',#2464,#2465);
#2464 = CARTESIAN_POINT('',(-4.25,17.6,77.5));
#2465 = VECTOR('',#2466,1.);
#2466 = DIRECTION('',(-0.,1.,0.));
#2467 = PLANE('',#2468);
#2468 = AXIS2_PLACEMENT_3D('',#2469,#2470,#2471);
#2469 = CARTESIAN_POINT('',(-4.25,17.6,69.));
#2470 = DIRECTION('',(1.,0.,-0.));
#2471 = DIRECTION('',(0.,0.,1.));
#2472 = ADVANCED_FACE('',(#2473),#2507,.T.);
#2473 = FACE_BOUND('',#2474,.T.);
#2474 = EDGE_LOOP('',(#2475,#2485,#2493,#2501));
#2475 = ORIENTED_EDGE('',*,*,#2476,.F.);
#2476 = EDGE_CURVE('',#2477,#2479,#2481,.T.);
#2477 = VERTEX_POINT('',#2478);
#2478 = CARTESIAN_POINT('',(4.25,17.6,69.));
#2479 = VERTEX_POINT('',#2480);
#2480 = CARTESIAN_POINT('',(4.25,17.6,77.5));
#2481 = LINE('',#2482,#2483);
#2482 = CARTESIAN_POINT('',(4.25,17.6,69.));
#2483 = VECTOR('',#2484,1.);
#2484 = DIRECTION('',(0.,0.,1.));
#2485 = ORIENTED_EDGE('',*,*,#2486,.T.);
#2486 = EDGE_CURVE('',#2477,#2487,#2489,.T.);
#2487 = VERTEX_POINT('',#2488);
#2488 = CARTESIAN_POINT('',(4.25,21.6,69.));
#2489 = LINE('',#2490,#2491);
#2490 = CARTESIAN_POINT('',(4.25,17.6,69.));
#2491 = VECTOR('',#2492,1.);
#2492 = DIRECTION('',(-0.,1.,0.));
#2493 = ORIENTED_EDGE('',*,*,#2494,.T.);
#2494 = EDGE_CURVE('',#2487,#2495,#2497,.T.);
#2495 = VERTEX_POINT('',#2496);
#2496 = CARTESIAN_POINT('',(4.25,21.6,77.5));
#2497 = LINE('',#2498,#2499);
#2498 = CARTESIAN_POINT('',(4.25,21.6,69.));
#2499 = VECTOR('',#2500,1.);
#2500 = DIRECTION('',(0.,0.,1.));
#2501 = ORIENTED_EDGE('',*,*,#2502,.F.);
#2502 = EDGE_CURVE('',#2479,#2495,#2503,.T.);
#2503 = LINE('',#2504,#2505);
#2504 = CARTESIAN_POINT('',(4.25,17.6,77.5));
#2505 = VECTOR('',#2506,1.);
#2506 = DIRECTION('',(-0.,1.,0.));
#2507 = PLANE('',#2508);
#2508 = AXIS2_PLACEMENT_3D('',#2509,#2510,#2511);
#2509 = CARTESIAN_POINT('',(4.25,17.6,69.));
#2510 = DIRECTION('',(1.,0.,-0.));
#2511 = DIRECTION('',(0.,0.,1.));
#2512 = ADVANCED_FACE('',(#2513),#2529,.F.);
#2513 = FACE_BOUND('',#2514,.F.);
#2514 = EDGE_LOOP('',(#2515,#2521,#2522,#2528));
#2515 = ORIENTED_EDGE('',*,*,#2516,.F.);
#2516 = EDGE_CURVE('',#2437,#2477,#2517,.T.);
#2517 = LINE('',#2518,#2519);
#2518 = CARTESIAN_POINT('',(-4.25,17.6,69.));
#2519 = VECTOR('',#2520,1.);
#2520 = DIRECTION('',(1.,0.,-0.));
#2521 = ORIENTED_EDGE('',*,*,#2436,.T.);
#2522 = ORIENTED_EDGE('',*,*,#2523,.T.);
#2523 = EDGE_CURVE('',#2439,#2479,#2524,.T.);
#2524 = LINE('',#2525,#2526);
#2525 = CARTESIAN_POINT('',(-4.25,17.6,77.5));
#2526 = VECTOR('',#2527,1.);
#2527 = DIRECTION('',(1.,0.,-0.));
#2528 = ORIENTED_EDGE('',*,*,#2476,.F.);
#2529 = PLANE('',#2530);
#2530 = AXIS2_PLACEMENT_3D('',#2531,#2532,#2533);
#2531 = CARTESIAN_POINT('',(-4.25,17.6,69.));
#2532 = DIRECTION('',(-0.,1.,0.));
#2533 = DIRECTION('',(0.,0.,1.));
#2534 = ADVANCED_FACE('',(#2535),#2551,.T.);
#2535 = FACE_BOUND('',#2536,.T.);
#2536 = EDGE_LOOP('',(#2537,#2543,#2544,#2550));
#2537 = ORIENTED_EDGE('',*,*,#2538,.F.);
#2538 = EDGE_CURVE('',#2447,#2487,#2539,.T.);
#2539 = LINE('',#2540,#2541);
#2540 = CARTESIAN_POINT('',(-4.25,21.6,69.));
#2541 = VECTOR('',#2542,1.);
#2542 = DIRECTION('',(1.,0.,-0.));
#2543 = ORIENTED_EDGE('',*,*,#2454,.T.);
#2544 = ORIENTED_EDGE('',*,*,#2545,.T.);
#2545 = EDGE_CURVE('',#2455,#2495,#2546,.T.);
#2546 = LINE('',#2547,#2548);
#2547 = CARTESIAN_POINT('',(-4.25,21.6,77.5));
#2548 = VECTOR('',#2549,1.);
#2549 = DIRECTION('',(1.,0.,-0.));
#2550 = ORIENTED_EDGE('',*,*,#2494,.F.);
#2551 = PLANE('',#2552);
#2552 = AXIS2_PLACEMENT_3D('',#2553,#2554,#2555);
#2553 = CARTESIAN_POINT('',(-4.25,21.6,69.));
#2554 = DIRECTION('',(-0.,1.,0.));
#2555 = DIRECTION('',(0.,0.,1.));
#2556 = ADVANCED_FACE('',(#2557),#2563,.F.);
#2557 = FACE_BOUND('',#2558,.F.);
#2558 = EDGE_LOOP('',(#2559,#2560,#2561,#2562));
#2559 = ORIENTED_EDGE('',*,*,#2446,.F.);
#2560 = ORIENTED_EDGE('',*,*,#2516,.T.);
#2561 = ORIENTED_EDGE('',*,*,#2486,.T.);
#2562 = ORIENTED_EDGE('',*,*,#2538,.F.);
#2563 = PLANE('',#2564);
#2564 = AXIS2_PLACEMENT_3D('',#2565,#2566,#2567);
#2565 = CARTESIAN_POINT('',(-4.25,17.6,69.));
#2566 = DIRECTION('',(0.,0.,1.));
#2567 = DIRECTION('',(1.,0.,-0.));
#2568 = ADVANCED_FACE('',(#2569),#2575,.T.);
#2569 = FACE_BOUND('',#2570,.T.);
#2570 = EDGE_LOOP('',(#2571,#2572,#2573,#2574));
#2571 = ORIENTED_EDGE('',*,*,#2462,.F.);
#2572 = ORIENTED_EDGE('',*,*,#2523,.T.);
#2573 = ORIENTED_EDGE('',*,*,#2502,.T.);
#2574 = ORIENTED_EDGE('',*,*,#2545,.F.);
#2575 = PLANE('',#2576);
#2576 = AXIS2_PLACEMENT_3D('',#2577,#2578,#2579);
#2577 = CARTESIAN_POINT('',(-4.25,17.6,77.5));
#2578 = DIRECTION('',(0.,0.,1.));
#2579 = DIRECTION('',(1.,0.,-0.));
#2580 = MANIFOLD_SOLID_BREP('',#2581);
#2581 = CLOSED_SHELL('',(#2582,#2622,#2662,#2684,#2706,#2718));
#2582 = ADVANCED_FACE('',(#2583),#2617,.F.);
#2583 = FACE_BOUND('',#2584,.F.);
#2584 = EDGE_LOOP('',(#2585,#2595,#2603,#2611));
#2585 = ORIENTED_EDGE('',*,*,#2586,.F.);
#2586 = EDGE_CURVE('',#2587,#2589,#2591,.T.);
#2587 = VERTEX_POINT('',#2588);
#2588 = CARTESIAN_POINT('',(-2.,17.6,52.));
#2589 = VERTEX_POINT('',#2590);
#2590 = CARTESIAN_POINT('',(-2.,17.6,55.));
#2591 = LINE('',#2592,#2593);
#2592 = CARTESIAN_POINT('',(-2.,17.6,52.));
#2593 = VECTOR('',#2594,1.);
#2594 = DIRECTION('',(0.,0.,1.));
#2595 = ORIENTED_EDGE('',*,*,#2596,.T.);
#2596 = EDGE_CURVE('',#2587,#2597,#2599,.T.);
#2597 = VERTEX_POINT('',#2598);
#2598 = CARTESIAN_POINT('',(-2.,19.1,52.));
#2599 = LINE('',#2600,#2601);
#2600 = CARTESIAN_POINT('',(-2.,17.6,52.));
#2601 = VECTOR('',#2602,1.);
#2602 = DIRECTION('',(-0.,1.,0.));
#2603 = ORIENTED_EDGE('',*,*,#2604,.T.);
#2604 = EDGE_CURVE('',#2597,#2605,#2607,.T.);
#2605 = VERTEX_POINT('',#2606);
#2606 = CARTESIAN_POINT('',(-2.,19.1,55.));
#2607 = LINE('',#2608,#2609);
#2608 = CARTESIAN_POINT('',(-2.,19.1,52.));
#2609 = VECTOR('',#2610,1.);
#2610 = DIRECTION('',(0.,0.,1.));
#2611 = ORIENTED_EDGE('',*,*,#2612,.F.);
#2612 = EDGE_CURVE('',#2589,#2605,#2613,.T.);
#2613 = LINE('',#2614,#2615);
#2614 = CARTESIAN_POINT('',(-2.,17.6,55.));
#2615 = VECTOR('',#2616,1.);
#2616 = DIRECTION('',(-0.,1.,0.));
#2617 = PLANE('',#2618);
#2618 = AXIS2_PLACEMENT_3D('',#2619,#2620,#2621);
#2619 = CARTESIAN_POINT('',(-2.,17.6,52.));
#2620 = DIRECTION('',(1.,0.,-0.));
#2621 = DIRECTION('',(0.,0.,1.));
#2622 = ADVANCED_FACE('',(#2623),#2657,.T.);
#2623 = FACE_BOUND('',#2624,.T.);
#2624 = EDGE_LOOP('',(#2625,#2635,#2643,#2651));
#2625 = ORIENTED_EDGE('',*,*,#2626,.F.);
#2626 = EDGE_CURVE('',#2627,#2629,#2631,.T.);
#2627 = VERTEX_POINT('',#2628);
#2628 = CARTESIAN_POINT('',(2.,17.6,52.));
#2629 = VERTEX_POINT('',#2630);
#2630 = CARTESIAN_POINT('',(2.,17.6,55.));
#2631 = LINE('',#2632,#2633);
#2632 = CARTESIAN_POINT('',(2.,17.6,52.));
#2633 = VECTOR('',#2634,1.);
#2634 = DIRECTION('',(0.,0.,1.));
#2635 = ORIENTED_EDGE('',*,*,#2636,.T.);
#2636 = EDGE_CURVE('',#2627,#2637,#2639,.T.);
#2637 = VERTEX_POINT('',#2638);
#2638 = CARTESIAN_POINT('',(2.,19.1,52.));
#2639 = LINE('',#2640,#2641);
#2640 = CARTESIAN_POINT('',(2.,17.6,52.));
#2641 = VECTOR('',#2642,1.);
#2642 = DIRECTION('',(-0.,1.,0.));
#2643 = ORIENTED_EDGE('',*,*,#2644,.T.);
#2644 = EDGE_CURVE('',#2637,#2645,#2647,.T.);
#2645 = VERTEX_POINT('',#2646);
#2646 = CARTESIAN_POINT('',(2.,19.1,55.));
#2647 = LINE('',#2648,#2649);
#2648 = CARTESIAN_POINT('',(2.,19.1,52.));
#2649 = VECTOR('',#2650,1.);
#2650 = DIRECTION('',(0.,0.,1.));
#2651 = ORIENTED_EDGE('',*,*,#2652,.F.);
#2652 = EDGE_CURVE('',#2629,#2645,#2653,.T.);
#2653 = LINE('',#2654,#2655);
#2654 = CARTESIAN_POINT('',(2.,17.6,55.));
#2655 = VECTOR('',#2656,1.);
#2656 = DIRECTION('',(-0.,1.,0.));
#2657 = PLANE('',#2658);
#2658 = AXIS2_PLACEMENT_3D('',#2659,#2660,#2661);
#2659 = CARTESIAN_POINT('',(2.,17.6,52.));
#2660 = DIRECTION('',(1.,0.,-0.));
#2661 = DIRECTION('',(0.,0.,1.));
#2662 = ADVANCED_FACE('',(#2663),#2679,.F.);
#2663 = FACE_BOUND('',#2664,.F.);
#2664 = EDGE_LOOP('',(#2665,#2671,#2672,#2678));
#2665 = ORIENTED_EDGE('',*,*,#2666,.F.);
#2666 = EDGE_CURVE('',#2587,#2627,#2667,.T.);
#2667 = LINE('',#2668,#2669);
#2668 = CARTESIAN_POINT('',(-2.,17.6,52.));
#2669 = VECTOR('',#2670,1.);
#2670 = DIRECTION('',(1.,0.,-0.));
#2671 = ORIENTED_EDGE('',*,*,#2586,.T.);
#2672 = ORIENTED_EDGE('',*,*,#2673,.T.);
#2673 = EDGE_CURVE('',#2589,#2629,#2674,.T.);
#2674 = LINE('',#2675,#2676);
#2675 = CARTESIAN_POINT('',(-2.,17.6,55.));
#2676 = VECTOR('',#2677,1.);
#2677 = DIRECTION('',(1.,0.,-0.));
#2678 = ORIENTED_EDGE('',*,*,#2626,.F.);
#2679 = PLANE('',#2680);
#2680 = AXIS2_PLACEMENT_3D('',#2681,#2682,#2683);
#2681 = CARTESIAN_POINT('',(-2.,17.6,52.));
#2682 = DIRECTION('',(-0.,1.,0.));
#2683 = DIRECTION('',(0.,0.,1.));
#2684 = ADVANCED_FACE('',(#2685),#2701,.T.);
#2685 = FACE_BOUND('',#2686,.T.);
#2686 = EDGE_LOOP('',(#2687,#2693,#2694,#2700));
#2687 = ORIENTED_EDGE('',*,*,#2688,.F.);
#2688 = EDGE_CURVE('',#2597,#2637,#2689,.T.);
#2689 = LINE('',#2690,#2691);
#2690 = CARTESIAN_POINT('',(-2.,19.1,52.));
#2691 = VECTOR('',#2692,1.);
#2692 = DIRECTION('',(1.,0.,-0.));
#2693 = ORIENTED_EDGE('',*,*,#2604,.T.);
#2694 = ORIENTED_EDGE('',*,*,#2695,.T.);
#2695 = EDGE_CURVE('',#2605,#2645,#2696,.T.);
#2696 = LINE('',#2697,#2698);
#2697 = CARTESIAN_POINT('',(-2.,19.1,55.));
#2698 = VECTOR('',#2699,1.);
#2699 = DIRECTION('',(1.,0.,-0.));
#2700 = ORIENTED_EDGE('',*,*,#2644,.F.);
#2701 = PLANE('',#2702);
#2702 = AXIS2_PLACEMENT_3D('',#2703,#2704,#2705);
#2703 = CARTESIAN_POINT('',(-2.,19.1,52.));
#2704 = DIRECTION('',(-0.,1.,0.));
#2705 = DIRECTION('',(0.,0.,1.));
#2706 = ADVANCED_FACE('',(#2707),#2713,.F.);
#2707 = FACE_BOUND('',#2708,.F.);
#2708 = EDGE_LOOP('',(#2709,#2710,#2711,#2712));
#2709 = ORIENTED_EDGE('',*,*,#2596,.F.);
#2710 = ORIENTED_EDGE('',*,*,#2666,.T.);
#2711 = ORIENTED_EDGE('',*,*,#2636,.T.);
#2712 = ORIENTED_EDGE('',*,*,#2688,.F.);
#2713 = PLANE('',#2714);
#2714 = AXIS2_PLACEMENT_3D('',#2715,#2716,#2717);
#2715 = CARTESIAN_POINT('',(-2.,17.6,52.));
#2716 = DIRECTION('',(0.,0.,1.));
#2717 = DIRECTION('',(1.,0.,-0.));
#2718 = ADVANCED_FACE('',(#2719),#2725,.T.);
#2719 = FACE_BOUND('',#2720,.T.);
#2720 = EDGE_LOOP('',(#2721,#2722,#2723,#2724));
#2721 = ORIENTED_EDGE('',*,*,#2612,.F.);
#2722 = ORIENTED_EDGE('',*,*,#2673,.T.);
#2723 = ORIENTED_EDGE('',*,*,#2652,.T.);
#2724 = ORIENTED_EDGE('',*,*,#2695,.F.);
#2725 = PLANE('',#2726);
#2726 = AXIS2_PLACEMENT_3D('',#2727,#2728,#2729);
#2727 = CARTESIAN_POINT('',(-2.,17.6,55.));
#2728 = DIRECTION('',(0.,0.,1.));
#2729 = DIRECTION('',(1.,0.,-0.));
#2730 = ( GEOMETRIC_REPRESENTATION_CONTEXT(3) 
GLOBAL_UNCERTAINTY_ASSIGNED_CONTEXT((#2734)) 
GLOBAL_UNIT_ASSIGNED_CONTEXT((#2731,#2732,#2733)) REPRESENTATION_CONTEXT
('Context #1','3D Context with UNIT and UNCERTAINTY') );
#2731 = ( LENGTH_UNIT() NAMED_UNIT(*) SI_UNIT(.MILLI.,.METRE.) );
#2732 = ( NAMED_UNIT(*) PLANE_ANGLE_UNIT() SI_UNIT($,.RADIAN.) );
#2733 = ( NAMED_UNIT(*) SI_UNIT($,.STERADIAN.) SOLID_ANGLE_UNIT() );
#2734 = UNCERTAINTY_MEASURE_WITH_UNIT(LENGTH_MEASURE(1.E-07),#2731,
  'distance_accuracy_value','confusion accuracy');
#2735 = PRODUCT_RELATED_PRODUCT_CATEGORY('part',$,(#7));
ENDSEC;
END-ISO-10303-21;
